Symbol,Name
AA,Alcoa Corporation Com
ABBV,AbbVie Inc. Common St
ABC,AmerisourceBergen Cor
ACAD,ACADIA Pharmaceutical
ACBA,Ace Global Business A
ACBI,Atlantic Capital Banc
ACEL,Accel Entertainment_ 
ACEV,ACE Convergence Acqui
ACKIT,Ackrell SPAC Partners
ADM,Archer-Daniels-Midlan
ADMA,ADMA Biologics Inc - 
AEL,American Equity Inves
AEPPL,American Electric Pow
AFL,AFLAC Incorporated Co
AGBA,AGBA Acquisition Limi
AGO,Assured Guaranty Ltd.
AIG,American Internationa
AIR,AAR Corp. Common Stoc
AKIC,Sports Ventures Acqui
AKICU,Sports Ventures Acqui
ALAC,Alberton Acquisition 
ALJJ,ALJ Regional Holdings
ALTU,Altitude Acquisition 
AMAO,American Acquisition 
AMJ,JPMorgan Chase Capita
AMPH,Amphastar Pharmaceuti
AMR,Alpha Metallurgical R
AMRK,A-Mark Precious Metal
AMTR,ETRACS Alerian Midstr
AMUB,ETRACS Alerian MLP In
APA,APA Corporation - Com
APLE,Apple Hospitality REI
APR,Apria_ Inc. - Common 
APTS,Preferred Apartment C
APTX,Aptinyx Inc. - Common
ARCC,Ares Capital Corporat
ARCH,Arch Resources_ Inc. 
ARCO,Arcos Dorados Holding
ARMK,Aramark Common Stock
ARNA,Arena Pharmaceuticals
ASB,Associated Banc-Corp 
ASR,Grupo Aeroportuario d
ASRT,Assertio Holdings_ In
ASRV,AmeriServ Financial I
ATA,Americas Technology A
ATCO,Atlas Corp. Series I 
ATH,Athene Holding Ltd. D
ATLC,Atlanticus Holdings C
ATMP,iPath Select MLP ETN
ATO,Atmos Energy Corporat
AVT,Avnet_ Inc. - Common 
BAC,Bank of America Corpo
BAL,iPathA Series B Bloom
BANF,BancFirst Corporation
BANR,Banner Corporation - 
BAP,Credicorp Ltd. Common
BAR,GraniteShares Gold Tr
BATL,Battalion Oil Corpora
BBDC,Barings BDC_ Inc. Com
BCAC,Brookline Capital Acq
BCBP,BCB Bancorp_ Inc. (NJ
BCC,Boise Cascade_ L.L.C.
BCM,iPath Pure Beta Broad
BCML,BayCom Corp - Common 
BCSF,Bain Capital Specialt
BCX,BlackRock Resources C
BDCZ,ETRACS MVIS Business 
BDX,Becton_ Dickinson and
BG,Bunge Limited Bunge L
BGR,BlackRock Energy and 
BGSF,BGSF_ Inc. Common Sto
BHF,Brighthouse Financial
BHLB,Berkshire Hills Banco
BHR,Braemar Hotels & Reso
BHSE,Bull Horn Holdings Co
BIP,Brookfield Infrastruc
BK,The Bank of New York 
BKEPP,Blueknight Energy Par
BKNG,Booking Holdings Inc.
BKR,Baker Hughes Company 
BMO,Bank Of Montreal Comm
BMRN,BioMarin Pharmaceutic
BNKU,MicroSectors U.S. Big
BNS,Bank Nova Scotia Hali
BOH,Bank of Hawaii Corpor
BORR,Borr Drilling Limited
BOX,Box_ Inc. Class A Com
BP,BP p.l.c. Common Stoc
BPMP,BP Midstream Partners
BPOP,Popular_ Inc. - Commo
BPT,BP Prudhoe Bay Royalt
BREZ,Breeze Holdings Acqui
BRG,Bluerock Residential 
BRKL,Brookline Bancorp_ In
BRLI,Brilliant Acquisition
BRX,Brixmor Property Grou
BRY,Berry Corporation (br
BTAQ,Burgundy Technology A
BTI,British American Toba
BVN,Buenaventura Mining C
BWAC,Better World Acquisit
BWFG,Bankwell Financial Gr
BYD,Boyd Gaming Corporati
CADE,Cadence Bank 5.50% Se
CAJ,Canon_ Inc. American 
CALM,Cal-Maine Foods_ Inc.
CARE,Carter Bankshares_ In
CAS,Cascade Acquisition C
CATY,Cathay General Bancor
CB,Chubb Limited  Common
CBFV,CB Financial Services
CBSH,Commerce Bancshares_ 
CBT,Cabot Corporation Com
CCK,Crown Holdings_ Inc.
CDEV,Centennial Resource D
CEM,ClearBridge MLP and M
CEN,Center Coast Brookfie
CENX,Century Aluminum Comp
CEPU,Central Puerto S.A. A
CERN,Cerner Corporation - 
CF,CF Industries Holding
CFB,CrossFirst Bankshares
CFBK,CF Bankshares Inc. - 
CFFE,CF Acquisition Corp. 
CFG,Citizens Financial Gr
CFR,Cullen_Frost Bankers_
CFVI,CF Acquisition Corp. 
CFVIU,CF Acquisition Corp. 
CGAU,Centerra Gold Inc. Co
CHT,Chunghwa Telecom Co._
CIG,Comp En De Mn Cemig A
CIGI,Colliers Internationa
CINR,Ciner Resources LP Co
CLBK,Columbia Financial_ I
CLDT,Chatham Lodging Trust
CLM,Cornerstone Strategic
CLMT,Calumet Specialty Pro
CLR,Continental Resources
CLS,Celestica_ Inc. Commo
CM,Canadian Imperial Ban
CMA,Comerica Incorporated
CMC,Commercial Metals Com
CME,CME Group Inc. - Clas
CNA,CNA Financial Corpora
CNC,Centene Corporation C
CNNB,Cincinnati Bancorp_ I
CNO,CNO Financial Group_ 
CNQ,Canadian Natural Reso
CNX,CNX Resources Corpora
CNXC,Concentrix Corporatio
CONE,CyrusOne Inc - Common
COP,ConocoPhillips Common
COW,iPathA Series B Bloom
CPA,Copa Holdings_ S.A. C
CPAC,Cementos Pacasmayo S.
CPF,Central Pacific Finan
CPG,Crescent Point Energy
CPHC,Canterbury Park Holdi
CPRI,Capri Holdings Limite
CQP,Cheniere Energy Partn
CRF,Cornerstone Total Ret
CSGS,CSG Systems Internati
CTR,ClearBridge MLP and M
CTRA,Coterra Energy Inc. C
CTSH,Cognizant Technology 
CTVA,Corteva_ Inc. Common 
CVBF,CVB Financial Corpora
CVCY,Central Valley Commun
CVE,Cenovus Energy Inc Co
CVI,CVR Energy Inc. Commo
CWK,Cushman & Wakefield p
CZWI,Citizens Community Ba
DAC,Danaos Corporation Co
DB,Deutsche Bank AG Comm
DE,Deere & Company Commo
DELL,Dell Technologies Inc
DGP,DB Gold Double Long E
DJP,iPath Bloomberg Commo
DKDCA,Data Knights Acquisit
DLA,Delta Apparel_ Inc. C
DMLP,Dorchester Minerals_ 
DNP,DNP Select Income Fun
DRH,Diamondrock Hospitali
DSKE,Daseke_ Inc. - Common
DTM,DT Midstream_ Inc. Co
DVN,Devon Energy Corporat
DWIN,Delwinds Insurance Ac
E,ENI S.p.A. Common Sto
ECPG,Encore Capital Group 
EDAP,EDAP TMS S.A. - Ameri
EDTX,EdtechX Holdings Acqu
EEH,Aktiebolaget Svensk E
EGBN,Eagle Bancorp_ Inc. -
EGY,VAALCO Energy_ Inc.  
ELP,Companhia Paranaense 
EMN,Eastman Chemical Comp
EMO,ClearBridge Energy Mi
ENB,Enbridge Inc Common S
ENLC,EnLink Midstream_ LLC
ENVA,Enova International_ 
EOG,EOG Resources_ Inc. C
EPAY,Bottomline Technologi
EPD,Enterprise Products P
EPM,Evolution Petroleum C
EPSN,Epsilon Energy Ltd. -
EQD,Equity Distribution A
EQH,Equitable Holdings_ I
EQNR,Equinor ASA
EQS,Equus Total Return_ I
ERF,Enerplus Corporation 
ESBK,Elmira Savings Bank N
ESGR,Enstar Group Limited 
ESLT,Elbit Systems Ltd. - 
ESSA,ESSA Bancorp_ Inc. - 
ETAC,E.Merge Technology Ac
EWBC,East West Bancorp_ In
EXC,Exelon Corporation - 
EXPE,Expedia Group_ Inc. -
FANG,Diamondback Energy_ I
FBIZ,First Business Financ
FCF,First Commonwealth Fi
FCX,Freeport-McMoRan_ Inc
FDUS,Fidus Investment Corp
FE,FirstEnergy Corp. Com
FFNW,First Financial North
FFWM,First Foundation Inc.
FGBI,First Guaranty Bancsh
FHN,First Horizon Corpora
FITB,Fifth Third Bancorp -
FMAO,Farmers & Merchants B
FMC,FMC Corporation Commo
FNB,F.N.B. Corporation De
FNCB,FNCB Bancorp Inc. - C
FNWB,First Northwest Banco
FOE,Ferro Corporation Com
FOXW,FoxWayne Enterprises 
FRA,Blackrock Floating Ra
FRBK,Republic First Bancor
FUE,ELEMENTS Linked to th
FULT,Fulton Financial Corp
FUN,Cedar Fair_ L.P. Comm
FUNC,First United Corporat
GBRG,Goldenbridge Acquisit
GCBC,Greene County Bancorp
GCO,Genesco Inc. Common S
GD,General Dynamics Corp
GEL,Genesis Energy_ L.P. 
GER,Goldman Sachs MLP Ene
GGB,Gerdau S.A. Common St
GGGVU,G3 VRM Acquisition Co
GIWWU,GigInternational1_ In
GL,Globe Life Inc. 4.25%
GLAQ,Globis Acquisition Co
GLDG,GoldMining Inc. Commo
GLNG,Golar LNG Limited - C
GLP,Global Partners LP 9.
GLSPT,Global SPAC Partners 
GOAC,GO Acquisition Corp. 
GRCY,Greencity Acquisition
GRIN,Grindrod Shipping Hol
GRU,ELEMENTS Linked to th
GSAQ,Global Synergy Acquis
GSBC,Great Southern Bancor
GSBD,Goldman Sachs BDC_ In
GSL,Global Ship Lease_ In
GSP,Barclays Bank PLC iPa
GTE,Gran Tierra Energy In
GUT,Gabelli Utility Trust
H,Hyatt Hotels Corporat
HAFC,Hanmi Financial Corpo
HAL,Halliburton Company C
HBM,Hudbay Minerals Inc. 
HBT,HBT Financial_ Inc. -
HCC,Warrior Met Coal_ Inc
HES,Hess Corporation Comm
HESM,Hess Midstream LP Cla
HFBL,Home Federal Bancorp_
HFC,HollyFrontier Corpora
HFRO,Highland Income Fund 
HIE,Miller_Howard High In
HIG,Hartford Financial Se
HLI,Houlihan Lokey_ Inc. 
HLT,Hilton Worldwide Hold
HMHC,Houghton Mifflin Harc
HMNF,HMN Financial_ Inc. -
HOPE,Hope Bancorp_ Inc. - 
HPE,Hewlett Packard Enter
HPK,HighPeak Energy_ Inc.
HPX,HPX Corp. Class A Ord
HSBC,HSBC Holdings_ plc. C
HST,Host Hotels  - Common
HSY,The Hershey Company C
HUN,Huntsman Corporation 
HWC,Hancock Whitney Corpo
HWKN,Hawkins_ Inc. - Commo
HWM,Howmet Aerospace Inc.
IFS,Intercorp Financial S
IGT,International Game Te
IHC,Independence Holding 
IMLP,iPath S&P MLP ETN
IMO,Imperial Oil Limited 
IMUX,Immunic_ Inc.  - Comm
INBK,First Internet Bancor
INDB,Independent Bank Corp
INKA,KludeIn I Acquisition
INN,Summit Hotel Properti
INSE,Inspired Entertainmen
INTG,The Intergroup Corpor
IPI,Intrepid Potash_ Inc 
ISBC,Investors Bancorp_ In
ITCI,Intra-Cellular Therap
ITHX,ITHAX Acquisition Cor
JFR,Nuveen Floating Rate 
JJA,iPathA Series B Bloom
JJE,iPathA Series B Bloom
JJG,iPathA Series B Bloom
JJM,iPathA Series B Bloom
JJN,iPathA Series B Bloom
JJS,iPathA Series B Bloom
JJT,iPathA Series B Bloom
JJU,iPathA Series B Bloom
JNCE,Jounce Therapeutics_ 
JO,iPathA Series B Bloom
JRO,Nuveen Floating Rate 
KB,KB Financial Group In
KEN,Kenon Holdings Ltd. O
KEY,KeyCorp Depositary Sh
KFFB,Kentucky First Federa
KMF,Kayne Anderson NextGe
KRP,Kimbell Royalty Partn
KWAC,Kingswood Acquisition
KYN,Kayne Anderson Energy
L,Loews Corporation Com
LANDO,Gladstone Land Corpor
LEGH,Legacy Housing Corpor
LEVL,Level One Bancorp_ In
LFC,China Life Insurance 
LIND,Lindblad Expeditions 
LJAQ,LightJump Acquisition
LKFN,Lakeland Financial Co
LLNW,Limelight Networks_ I
LMT,Lockheed Martin Corpo
LNC,Lincoln National Corp
LNG,Cheniere Energy_ Inc.
LPG,Dorian LPG Ltd. Commo
LPLA,LPL Financial Holding
LQDA,Liquidia Corporation 
LXU,LSB Industries_ Inc. 
LYG,Lloyds Banking Group 
MACU,Mallard Acquisition C
MAQC,Maquia Capital Acquis
MAR,Marriott Internationa
MAT,Mattel_ Inc. - Common
MBCN,Middlefield Banc Corp
MBI,MBIA Inc. Common Stoc
MBTC,Nocturne Acquisition 
MCAE,Mountain Crest Acquis
MCB,Metropolitan Bank Hol
MCK,McKesson Corporation 
MDRX,Allscripts Healthcare
MEOH,Methanex Corporation 
MERC,Mercer International 
MET,MetLife_ Inc. Deposit
METC,Ramaco Resources_ Inc
MFC,Manulife Financial Co
MFD,Macquarie First Trust
MGM,MGM Resorts Internati
MGU,Macquarie Global Infr
MIC,Macquarie Infrastruct
MIDD,The Middleby Corporat
MIRM,Mirum Pharmaceuticals
MKC,McCormick & Company_ 
MLAC,Malacca Straits Acqui
MLPB,ETRACS Alerian MLP In
MNR,Monmouth Real Estate 
MNSB,MainStreet Bancshares
MNTK,Montauk Renewables_ I
MO,Altria Group_ Inc.
MOS,Mosaic Company (The) 
MPAC,Model Performance Acq
MPC,Marathon Petroleum Co
MPLX,MPLX LP Common Units 
MRBK,Meridian Corporation 
MRO,Marathon Oil Corporat
MS,Morgan Stanley Deposi
MSBI,Midland States Bancor
MTB,M&T Bank Corporation 
MTR,Mesa Royalty Trust Co
MUFG,Mitsubishi UFJ Financ
MUR,Murphy Oil Corporatio
MYFW,First Western Financi
NAAC,North Atlantic Acquis
NBHC,National Bank Holding
NBN,Northeast Bank - Comm
NBR,Nabors Industries Ltd
NCBS,Nicolet Bankshares In
NCNA,NuCana plc - American
NCSM,NCS Multistage Holdin
NDP,Tortoise Energy Indep
NECB,NorthEast Community B
NEN,New England Realty As
NEX,NexTier Oilfield Solu
NGG,National Grid Transco
NGS,Natural Gas Services 
NGVC,Natural Grocers by Vi
NI,NiSource_ Inc Deposit
NIMC,NiSource_ Inc Series 
NLOK,NortonLifeLock Inc. -
NMFC,New Mountain Finance 
NMIH,NMI Holdings Inc - Co
NML,Neuberger Berman MLP 
NOV,NOV Inc. Common Stock
NPTN,NeoPhotonics Corporat
NR,Newpark Resources_ In
NRGU,MicroSectors U.S. Big
NRGX,PIMCO Energy and Tact
NRP,Natural Resource Part
NRT,North European Oil Ro
NSEC,National Security Gro
NTG,Tortoise Midstream En
NTR,Nutrien Ltd. Common S
NTRS,Northern Trust Corpor
NVST,Envista Holdings Corp
NWFL,Norwood Financial Cor
NXGN,NextGen Healthcare_ I
NXST,Nexstar Media Group_ 
NYMTM,New York Mortgage Tru
OBAS,Optibase Ltd. - Ordin
OBE,Obsidian Energy Ltd. 
OCAX,OCA Acquisition Corp.
OIL,iPath Pure Beta Crude
OKE,ONEOK_ Inc. Common St
OMAB,Grupo Aeroportuario d
OMC,Omnicom Group Inc. Co
OPA,Magnum Opus Acquisiti
OPBK,OP Bancorp - Common S
OPOF,Old Point Financial C
ORAN,Orange
ORCC,Owl Rock Capital Corp
ORI,Old Republic Internat
OSBC,Old Second Bancorp_ I
OTRA,OTR Acquisition Corp.
OVBC,Ohio Valley Banc Corp
OVLY,Oak Valley Bancorp (C
OVV,Ovintiv Inc. (DE)
PAC,Grupo Aeroportuario D
PACW,PacWest Bancorp - Com
PAE,PAE Incorporated - Cl
PB,Prosperity Bancshares
PBCT,People's United Finan
PBF,PBF Energy Inc. Class
PBHC,Pathfinder Bancorp_ I
PBR,Petroleo Brasileiro S
PBT,Permian Basin Royalty
PCB,PCB Bancorp - Common 
PCRX,Pacira BioSciences_ I
PCYG,Park City Group_ Inc.
PDCE,PDC Energy_ Inc. - Co
PDS,Precision Drilling Co
PEO,Adams Natural Resourc
PFG,Principal Financial G
PGC,Peapack-Gladstone Fin
PKBK,Parke Bancorp_ Inc. -
PLBC,Plumas Bancorp - Comm
PLNT,Planet Fitness_ Inc. 
PM,Philip Morris Interna
PNBK,Patriot National Banc
PNNT,PennantPark Investmen
POND,Angel Pond Holdings C
PPIH,Perma-Pipe Internatio
PRT,PermRock Royalty Trus
PRU,Prudential Financial_
PSX,Phillips 66 Common St
PSXP,Phillips 66 Partners 
PTEN,Patterson-UTI Energy_
PTIC,PropTech Investment C
PTMN,Portman Ridge Finance
PTOC,Pine Technology Acqui
PTR,PetroChina Company Li
PTSI,P.A.M. Transportation
PUMP,ProPetro Holding Corp
PVL,Permianville Royalty 
PWOD,Penns Woods Bancorp_ 
PXD,Pioneer Natural Resou
PYPE,ETRACS NYSE Pickens C
RCHG,Recharge Acquisition 
RE,Everest Re Group_ Ltd
RES,RPC_ Inc. Common Stoc
RF,Regions Financial Cor
RHI,Robert Half Internati
RHP,Ryman Hospitality Pro
RJA,AB Svensk Ekportkredi
RJF,Raymond James Financi
RJI,AB Svensk Ekportkredi
RJN,AB Svensk Ekportkredi
RJZ,AB Svensk Ekportkredi
RMBI,Richmond Mutual Banco
RSF,RiverNorth Specialty 
RTX,Raytheon Technologies
RXDX,Prometheus Bioscience
RY,Royal Bank Of Canada 
SAFT,Safety Insurance Grou
SAL,Salisbury Bancorp_ In
SALM,Salem Media Group_ In
SAMG,Silvercrest Asset Man
SBCF,Seacoast Banking Corp
SBFG,SB Financial Group_ I
SBLK,Star Bulk Carriers Co
SBNY,Signature Bank - Comm
SBSI,Southside Bancshares_
SBT,Sterling Bancorp_ Inc
SCCO,Southern Copper Corpo
SCLE,Broadscale Acquisitio
SCM,Stellus Capital Inves
SD,SandRidge Energy_ Inc
SF,Stifel Financial Corp
SFL,SFL Corporation Ltd
SFM,Sprouts Farmers Marke
SGLY,Singularity Future Te
SGML,Sigma Lithium Corpora
SLB,Schlumberger N.V. Com
SM,SM Energy Company Com
SMFG,Sumitomo Mitsui Finan
SMM,Salient Midstream Com
SNFCA,Security National Fin
SNP,China Petroleum & Che
SNV,Synovus Financial Cor
SNY,Sanofi - American Dep
SPR,Spirit Aerosystems Ho
SPTN,SpartanNash Company -
SQM,Sociedad Quimica y Mi
SRRA,Sierra Oncology_ Inc.
SSB,SouthState Corporatio
SSBI,Summit State Bank - C
SSL,Sasol Ltd. American D
SSP,E.W. Scripps Company 
STFC,State Auto Financial 
STRL,Sterling Construction
STRS,Stratus Properties In
STT,State Street Corporat
SU,Suncor Energy  Inc. C
SUN,Sunoco LP Common Unit
SV,Spring Valley Acquisi
SVT,Servotronics_ Inc. Co
SXC,SunCoke Energy_ Inc. 
SYNL,Synalloy Corporation 
TACA,Trepont Acquisition C
TACO,Del Taco Restaurants_
TCBI,Texas Capital Bancsha
TCDA,Tricida_ Inc. - Commo
TCFC,The Community Financi
TD,Toronto Dominion Bank
TDW,Tidewater Inc. Common
TECK,Teck Resources Ltd Or
TEO,Telecom Argentina SA
TFC,Truist Financial Corp
TGA,TransGlobe Energy Cor
TGH,Textainer Group Holdi
TGNA,TEGNA Inc
TGP,Teekay LNG Partners L
THCA,Tuscan Holdings Corp.
THG,Hanover Insurance Gro
TIMB,TIM S.A. American Dep
TINV,Tiga Acquisition Corp
TLK,PT Telekomunikasi Ind
TREC,Trecora Resources Com
TRGP,Targa Resources_ Inc.
TRN,Trinity Industries_ I
TRQ,Turquoise Hill Resour
TRTN,Triton International 
TRV,The Travelers Compani
TS,Tenaris S.A. American
TSC,TriState Capital Hold
TSE,Trinseo PLC Ordinary 
TSN,Tyson Foods_ Inc. Com
TTE,TotalEnergies SE
TTP,Tortoise Pipeline & E
TU,Telus Corporation Ord
TUGC,TradeUP Global Corpor
TWI,Titan International_ 
TWNK,Hostess Brands_ Inc. 
TWNT,Tailwind Two Acquisit
TYG,Tortoise Energy Infra
UAN,CVR Partners_ LP Comm
UBFO,United Security Bancs
UBS,UBS Group AG Register
UCIB,ETRACS UBS Bloomberg 
UFPT,UFP Technologies_ Inc
UG,United-Guardian_ Inc.
UMPQ,Umpqua Holdings Corpo
UNVR,Univar Solutions Inc.
USAC,USA Compression Partn
USAK,USA Truck_ Inc. - Com
UTHR,United Therapeutics C
UTI,Universal Technical I
VAC,Marriott Vacations Wo
VALU,Value Line_ Inc. - Co
VCKA,Vickers Vantage Corp.
VCRA,Vocera Communications
VENA,Venus Acquisition Cor
VET,Vermilion Energy Inc.
VIRT,Virtu Financial_ Inc.
VIST,Vista Oil & Gas_ S.A.
VIV,Telefonica Brasil S.A
VIVO,Meridian Bioscience I
VLO,Valero Energy Corpora
VNOM,Viper Energy Partners
VOC,VOC Energy Trust Unit
VOYA,Voya Financial_ Inc. 
VRNT,Verint Systems Inc. -
VRS,Verso Corporation Com
VTAQ,Ventoux CCM Acquisiti
WABC,Westamerica Bancorpor
WAFD,Washington Federal_ I
WARR,Warrior Technologies 
WAVD,WaveDancer_ Inc.  - C
WBS,Webster Financial Cor
WES,Western Midstream Par
WF,Woori Financial Group
WFC,Wells Fargo & Company
WFG,West Fraser Timber Co
WFRD,Weatherford Internati
WH,Wyndham Hotels & Reso
WHD,Cactus_ Inc. Class A 
WLK,Westlake Chemical Cor
WLKP,Westlake Chemical Par
WMB,Williams Companies_ I
WMPN,William Penn Bancorpo
WNEB,Western New England B
WPP,WPP plc American Depo
WRB,W.R. Berkley Corporat
WSBC,WesBanco_ Inc. - Comm
WTFC,Wintrust Financial Co
WTTR,Select Energy Service
WY,Weyerhaeuser Company 
XENE,Xenon Pharmaceuticals
XENT,Intersect ENT_ Inc. -
XOM,Exxon Mobil Corporati
XPOA,DPCM Capital_ Inc. Cl
ZETA,Zeta Global Holdings 
ZGNX,Zogenix_ Inc. - Commo
ZIM,ZIM Integrated Shippi
ZION,Zions Bancorporation 
ZNH,China Southern Airlin
ZNTE,Zanite Acquisition Co
