Symbol,Name
A,Agilent Technologies_
AAIC,Arlington Asset Inves
AAL,American Airlines Gro
AAME,Atlantic American Cor
AAN,Aarons Holdings Compa
AAOI,Applied Optoelectroni
AATC,Autoscope Technologie
AAU,Almaden Minerals_ Ltd
ABCL,AbCellera Biologics I
ABEO,Abeona Therapeutics I
ABIO,ARCA biopharma_ Inc. 
ABST,Absolute Software Cor
ACB,Aurora Cannabis Inc. 
ACCD,Accolade_ Inc. - comm
ACHC,Acadia Healthcare Com
ACHL,Achilles Therapeutics
ACHR,Archer Aviation Inc. 
ACIU,AC Immune SA - Common
ACMR,ACM Research_ Inc. - 
ACOR,Acorda Therapeutics_ 
ACP,Aberdeen Income Credi
ACQR,Independence Holdings
ACQRU,Independence Holdings
ACR,ACRES Commercial Real
ACRE,Ares Commercial Real 
ACRS,Aclaris Therapeutics_
ACRX,AcelRx Pharmaceutical
ACTG,Acacia Research Corpo
ACU,Acme United Corporati
ACV,Virtus AllianzGI Dive
ACVA,ACV Auctions Inc. - C
ADAG,Adagene Inc. - ADS_ e
ADAP,Adaptimmune Therapeut
ADBE,Adobe Inc. - Common S
ADC,Agree Realty Corporat
ADCT,ADC Therapeutics SA C
ADES,Advanced Emissions So
ADIL,Adial Pharmaceuticals
ADN,Advent Technologies H
ADPT,Adaptive Biotechnolog
ADS,Alliance Data Systems
ADSE,ADS-TEC ENERGY PLC - 
ADSK,Autodesk_ Inc. - Comm
ADT,ADT Inc. Common Stock
ADTH,AdTheorent Holding Co
ADTX,Aditxt_ Inc. - Common
ADV,Advantage Solutions I
ADVM,Adverum Biotechnologi
ADX,Adams Diversified Equ
ADXN,Addex Therapeutics Lt
AEF,Aberdeen Emerging Mar
AEFC,Aegon Funding Company
AEHL,Antelope Enterprise H
AEI,Alset EHome Internati
AEMD,Aethlon Medical_ Inc.
AEO,American Eagle Outfit
AERI,Aerie Pharmaceuticals
AES,The AES Corporation C
AESC,The AES Corporation C
AEVA,Aeva Technologies_ In
AEY,ADDvantage Technologi
AEYE,AudioEye_ Inc. - Comm
AEZS,Aeterna Zentaris Inc.
AFB,AllianceBernstein Nat
AFCG,AFC Gamma_ Inc. - Com
AFGC,American Financial Gr
AFGE,American Financial Gr
AFIB,Acutus Medical_ Inc. 
AFMD,Affimed N.V. - Common
AFYA,Afya Limited - Class 
AGCB,Altimeter Growth Corp
AGEN,Agenus Inc. - Common 
AGFY,Agrify Corporation - 
AGGRU,Agile Growth Corp. - 
AGI,Alamos Gold Inc. Clas
AGIL,AgileThought_ Inc. - 
AGIO,Agios Pharmaceuticals
AGL,agilon health_ inc. C
AGMH,AGM Group Holdings In
AGNC,AGNC Investment Corp.
AGNCO,AGNC Investment Corp.
AGNCP,AGNC Investment Corp.
AGR,Avangrid_ Inc. Common
AGRO,Adecoagro S.A. Common
AGRX,Agile Therapeutics_ I
AGTC,Applied Genetic Techn
AGX,Argan_ Inc. Common St
AGYS,Agilysys_ Inc. - Comm
AHCO,AdaptHealth Corp.  - 
AHPI,Allied Healthcare Pro
AHT,Ashford Hospitality T
AI,C3.ai_ Inc. Class A C
AIHS,Senmiao Technology Li
AIKI,AIkido Pharma Inc. - 
AIM,AIM ImmunoTech Inc. C
AIMC,Altra Industrial Moti
AIO,Virtus AllianzGI Arti
AIRI,Air Industries Group 
AIZ,Assurant_ Inc. Common
AJX,Great Ajax Corp. Comm
AJXA,Great Ajax Corp. 7.25
AKBA,Akebia Therapeutics_ 
AKRO,Akero Therapeutics_ I
AKTS,Akoustis Technologies
AKTX,Akari Therapeutics Pl
AKU,Akumin Inc. - Common 
AKUS,Akouos_ Inc. - Common
ALDX,Aldeyra Therapeutics_
ALEC,Alector_ Inc. - Commo
ALF,ALFI_ Inc. - Common S
ALGN,Align Technology_ Inc
ALGS,Aligos Therapeutics_ 
ALHC,Alignment Healthcare_
ALIM,Alimera Sciences_ Inc
ALIT,Alight_ Inc. Class A 
ALKT,Alkami Technology_ In
ALLE,Allegion plc Ordinary
ALLK,Allakos Inc. - Common
ALLO,Allogene Therapeutics
ALLT,Allot Ltd. - Ordinary
ALNA,Allena Pharmaceutical
ALNY,Alnylam Pharmaceutica
ALOT,AstroNova_ Inc. - Com
ALPP,Alpine 4 Holdings_ In
ALRM,Alarm.com Holdings_ I
ALRN,Aileron Therapeutics_
ALT,Altimmune_ Inc. - Com
ALTR,Altair Engineering In
ALVR,AlloVir_ Inc. - Commo
ALXO,ALX Oncology Holdings
ALZN,Alzamend Neuro_ Inc. 
AMAM,Ambrx Biopharma Inc. 
AMBO,Ambow Education Holdi
AMC,AMC Entertainment Hol
AMED,Amedisys Inc - Common
AMEH,Apollo Medical Holdin
AMPE,Ampio Pharmaceuticals
AMPG,Amplitech Group_ Inc.
AMPS,Altus Power_ Inc. Cla
AMRN,Amarin Corporation pl
AMRS,Amyris_ Inc. - Common
AMS,American Shared Hospi
AMSC,American Superconduct
AMST,Amesite Inc. - Common
AMT,American Tower Corpor
AMTI,Applied Molecular Tra
AMWD,American Woodmark Cor
AMWL,American Well Corpora
AMZN,Amazon.com_ Inc. - Co
ANGI,Angi Inc. - Class A C
ANGN,Angion Biomedica Corp
ANGO,AngioDynamics_ Inc. -
ANIK,Anika Therapeutics In
ANNX,Annexon_ Inc. - commo
ANPC,AnPac Bio-Medical Sci
ANTE,AirNet Technology Inc
ANVS,Annovis Bio_ Inc. Com
ANY,Sphere 3D Corp. - Com
AOUT,American Outdoor Bran
APAM,Artisan Partners Asse
APDN,Applied DNA Sciences_
APEI,American Public Educa
APEN,Apollo Endosurgery_ I
API,Agora_ Inc. - ADS
APLS,Apellis Pharmaceutica
APLT,Applied Therapeutics_
APPH,AppHarvest_ Inc. - Co
APPN,Appian Corporation - 
APPS,Digital Turbine_ Inc.
APRE,Aprea Therapeutics_ I
APTO,Aptose Biosciences_ I
APVO,Aptevo Therapeutics I
APWC,Asia Pacific Wire & C
AQB,AquaBounty Technologi
AQMS,Aqua Metals_ Inc. - C
AQNA,Algonquin Power & Uti
AQNB,Algonquin Power & Uti
ARAV,Aravive_ Inc. - Commo
ARCT,Arcturus Therapeutics
ARDX,Ardelyx_ Inc. - Commo
ARI,Apollo Commercial Rea
ARKO,ARKO Corp. - Common S
ARR,ARMOUR Residential RE
ARRWU,Arrowroot Acquisition
ARTL,Artelo Biosciences_ I
ARVL,Arrival - Ordinary Sh
ARVN,Arvinas_ Inc. - Commo
ARWR,Arrowhead Pharmaceuti
ASAN,Asana_ Inc. Class A C
ASC,Ardmore Shipping Corp
ASG,Liberty All-Star Grow
ASLN,ASLAN Pharmaceuticals
ASMB,Assembly Biosciences_
ASND,Ascendis Pharma A_S -
ASTC,Astrotech Corporation
ASTL,Algoma Steel Group In
ASTR,Astra Space_ Inc. - C
ASTS,AST SpaceMobile_ Inc.
ASUR,Asure Software Inc - 
ASXC,Asensus Surgical_ Inc
ASYS,Amtech Systems_ Inc. 
ATAI,ATAI Life Sciences N.
ATER,Aterian_ Inc. - Commo
ATEX,Anterix Inc. - Common
ATHE,Alterity Therapeutics
ATHX,Athersys_ Inc. - Comm
ATNF,180 Life Sciences Cor
ATNM,Actinium Pharmaceutic
ATNX,Athenex_ Inc. - Commo
ATOM,Atomera Incorporated 
ATOS,Atossa Therapeutics_ 
ATR,AptarGroup_ Inc. Comm
ATRC,AtriCure_ Inc. - Comm
ATUS,Altice USA_ Inc. Clas
ATXI,Avenue Therapeutics_ 
ATXS,Astria Therapeutics_ 
ATY,AcuityAds Holdings In
AUD,Audacy Common Stock
AURC,Aurora Acquisition Co
AURCU,Aurora Acquisition Co
AUS,Austerlitz Acquisitio
AUTL,Autolus Therapeutics 
AUUD,Auddia Inc. - Common 
AUVI,Applied UV_ Inc. - Co
AVAH,Aveanna Healthcare Ho
AVAV,AeroVironment_ Inc. -
AVCO,Avalon GloboCare Corp
AVDL,Avadel Pharmaceutical
AVEO,AVEO Pharmaceuticals_
AVGR,Avinger_ Inc. - Commo
AVIR,Atea Pharmaceuticals_
AVK,Advent Convertible an
AVLR,Avalara_ Inc. Common 
AVO,Mission Produce_ Inc.
AVPT,AvePoint_ Inc. - Clas
AVRO,AVROBIO_ Inc. - Commo
AVTX,Avalo Therapeutics_ I
AVXL,Anavex Life Sciences 
AVY,Avery Dennison Corpor
AVYA,Avaya Holdings Corp. 
AWF,Alliancebernstein Glo
AWH,Aspira Women's Health
AWRE,Aware_ Inc. - Common 
AWX,Avalon Holdings Corpo
AXDX,Accelerate Diagnostic
AXGN,Axogen_ Inc. - Common
AXLA,Axcella Health Inc. -
AXNX,Axonics_ Inc. - Commo
AXON,Axon Enterprise_ Inc.
AXSM,Axsome Therapeutics_ 
AXU,Alexco Resource Corp 
AY,Atlantica Sustainable
AYLA,Ayala Pharmaceuticals
AYRO,AYRO_ Inc. - Common S
AYTU,Aytu BioPharma_ Inc. 
AYX,Alteryx_ Inc. Class A
AZRE,Azure Power Global Li
BAFN,BayFirst Financial Co
BALY,Bally's Corporation C
BAMH,Brookfield Finance In
BAMI,Brookfield Finance In
BAND,Bandwidth Inc. - Clas
BAOS,Baosheng Media Group 
BARK,BARK_ Inc. Class A Co
BB,BlackBerry Limited Co
BBAR,Banco BBVA Argentina 
BBBY,Bed Bath & Beyond Inc
BBCP,Concrete Pumping Hold
BBGI,Beasley Broadcast Gro
BBIO,BridgeBio Pharma_ Inc
BBN,BlackRock Taxable Mun
BBSI,Barrett Business Serv
BC,Brunswick Corporation
BCAB,BioAtla_ Inc. - Commo
BCACU,Brookline Capital Acq
BCAT,BlackRock Capital All
BCDA,BioCardia_ Inc. - Com
BCEL,Atreca_ Inc. - Class 
BCV,Bancroft Fund Limited
BDR,Blonder Tongue Labora
BDSX,Biodesix_ Inc. - Comm
BDTX,Black Diamond Therape
BEAM,Beam Therapeutics Inc
BEDU,Bright Scholar Educat
BEEM,Beam Global - Common 
BEP,Brookfield Renewable 
BEPC,Brookfield Renewable 
BEST,BEST Inc. American De
BFI,BurgerFi Internationa
BFIN,BankFinancial Corpora
BFK,BlackRock Municipal I
BFLY,Butterfly Network_ In
BFRA,Biofrontera AG - Amer
BFZ,BlackRock California 
BGB,Blackstone Strategic 
BGCP,BGC Partners_ Inc. - 
BGRY,Berkshire Grey_ Inc. 
BGX,Blackstone Long Short
BH,Biglari Holdings Inc.
BHAT,Blue Hat Interactive 
BHFAL,Brighthouse Financial
BHFAO,Brighthouse Financial
BHFAP,Brighthouse Financial
BHIL,Benson Hill_ Inc. Com
BHK,Blackrock Core Bond T
BIGC,BigCommerce Holdings_
BIGZ,BlackRock Innovation 
BIIB,Biogen Inc. - Common 
BILI,Bilibili Inc. - Ameri
BIMI,BIMI International Me
BIO,Bio-Rad Laboratories_
BIOC,Biocept_ Inc. - Commo
BIOL,Biolase_ Inc. - Commo
BIPH,Brookfield Infrastruc
BIT,BlackRock Multi-Secto
BIVI,BioVie Inc. - Common 
BJRI,BJ's Restaurants_ Inc
BKSY,BlackSky Technology I
BKT,BlackRock Income Trus
BKYI,BIO-key International
BL,BlackLine_ Inc. - Com
BLBD,Blue Bird Corporation
BLBX,Blackboxstocks Inc. -
BLCM,Bellicum Pharmaceutic
BLCT,BlueCity Holdings Lim
BLDE,Blade Air Mobility_ I
BLDP,Ballard Power Systems
BLE,BlackRock Municipal I
BLFS,BioLife Solutions_ In
BLI,Berkeley Lights_ Inc.
BLIN,Bridgeline Digital_ I
BLNK,Blink Charging Co. - 
BLPH,Bellerophon Therapeut
BLRX,BioLineRx Ltd. - Amer
BLUE,bluebird bio_ Inc. - 
BLW,Blackrock Limited Dur
BMA,Banco Macro S.A.  ADR
BMBL,Bumble Inc. - common 
BME,Blackrock Health Scie
BMEA,Biomea Fusion_ Inc. -
BMEZ,BlackRock Health Scie
BNED,Barnes & Noble Educat
BNGO,Bionano Genomics_ Inc
BNL,Broadstone Net Lease_
BNSO,Bonso Electronics Int
BNTC,Benitec Biopharma Inc
BNTX,BioNTech SE - America
BNY,BlackRock New York Mu
BODY,The Beachbody Company
BOLT,Bolt Biotherapeutics_
BOMN,Boston Omaha Corporat
BOSC,B.O.S. Better Online 
BOWL,Bowlero Corp. Class A
BOXL,Boxlight Corporation 
BPTH,Bio-Path Holdings_ In
BPTS,Biophytis SA - Americ
BPYPN,Brookfield Property P
BPYPO,Brookfield Property P
BPYPP,Brookfield Property P
BQ,Boqii Holding Limited
BRCN,Burcon NutraScience C
BRDS,Bird Global_ Inc. Cla
BRKR,Bruker Corporation - 
BROG,Brooge Energy Limited
BRQS,Borqs Technologies_ I
BRTX,BioRestorative Therap
BSBK,Bogota Financial Corp
BSET,Bassett Furniture Ind
BSGM,BioSig Technologies_ 
BSKYU,Big Sky Growth Partne
BSQR,BSQUARE Corporation -
BST,BlackRock Science and
BSTZ,BlackRock Science and
BSY,Bentley Systems_ Inco
BTAI,BioXcel Therapeutics_
BTB,Bit Brother Limited -
BTBT,Bit Digital_ Inc. - O
BTCM,BIT Mining Limited AD
BTG,B2Gold Corp Common sh
BTN,Ballantyne Strong_ In
BTRS,BTRS Holdings Inc. - 
BTT,BlackRock Municipal 2
BTTR,Better Choice Company
BTTX,Better Therapeutics_ 
BTWN,Bridgetown Holdings L
BTWNU,Bridgetown Holdings L
BTX,Brooklyn ImmunoTherap
BTZ,BlackRock Credit Allo
BUR,Burford Capital Limit
BURL,Burlington Stores_ In
BV,BrightView Holdings_ 
BWACU,Better World Acquisit
BWAY,BrainsWay Ltd. - Amer
BWEN,Broadwind_ Inc. - Com
BWG,BrandywineGLOBAL Glob
BXRX,Baudax Bio_ Inc. - Co
BYFC,Broadway Financial Co
BYM,Blackrock Municipal I
BYND,Beyond Meat_ Inc. - C
BYRN,Byrna Technologies_ I
BYSI,BeyondSpring_ Inc. - 
BZ,KANZHUN LIMITED - Ame
BZFD,BuzzFeed_ Inc. - Clas
BZUN,Baozun Inc. - America
CABA,Cabaletta Bio_ Inc. -
CABO,Cable One_ Inc. Commo
CAF,Morgan Stanley China 
CAKE,The Cheesecake Factor
CALA,Calithera Biosciences
CAMP,CalAmp Corp. - Common
CAN,Canaan Inc. - America
CANO,Cano Health_ Inc. Cla
CAPR,Capricor Therapeutics
CARA,Cara Therapeutics_ In
CARV,Carver Bancorp_ Inc. 
CASA,Casa Systems_ Inc. - 
CASI,CASI Pharmaceuticals_
CASS,Cass Information Syst
CASY,Caseys General Stores
CBAT,CBAK Energy Technolog
CBAY,CymaBay Therapeutics 
CBH,Virtus AllianzGI Conv
CBIO,Catalyst Biosciences_
CBRL,Cracker Barrel Old Co
CCAP,Crescent Capital BDC_
CCCC,C4 Therapeutics_ Inc.
CCD,Calamos Dynamic Conve
CCNC,Code Chain New Contin
CCOI,Cogent Communications
CCVI,Churchill Capital Cor
CD,Chindata Group Holdin
CDAK,Codiak BioSciences_ I
CDAY,Ceridian HCM Holding 
CDE,Coeur Mining_ Inc. Co
CDNA,CareDx_ Inc. - Common
CDTX,Cidara Therapeutics_ 
CDXC,ChromaDex Corporation
CDZI,Cadiz_ Inc. - Common 
CEE,The Central and Easte
CEI,Camber Energy_ Inc. C
CELC,Celcuity Inc. - Commo
CELH,Celsius Holdings_ Inc
CELP,Cypress Environmental
CELU,Celularity Inc. - Cla
CEMI,Chembio Diagnostics_ 
CENN,Cenntro Electric Grou
CETX,Cemtrex Inc. - Common
CEV,Eaton Vance Californi
CEVA,CEVA_ Inc. - Common S
CFRX,ContraFect Corporatio
CFX,Colfax Corporation Co
CGABL,The Carlyle Group Inc
CGC,Canopy Growth Corpora
CGEM,Cullinan Oncology_ In
CGEN,Compugen Ltd. - Ordin
CGNT,Cognyte Software Ltd.
CGNX,Cognex Corporation - 
CGO,Calamos Global Total 
CGRN,Capstone Green Energy
CHEK,Check-Cap Ltd. - Ordi
CHI,Calamos Convertible O
CHMI,Cherry Hill Mortgage 
CHN,China Fund_ Inc. (The
CHNGU,Change Healthcare Inc
CHPT,ChargePoint Holdings_
CHS,Chico's FAS_ Inc. Com
CHSCO,CHS Inc - Class B Cum
CHTR,Charter Communication
CHUY,Chuy's Holdings_ Inc.
CHW,Calamos Global Dynami
CHWY,Chewy_ Inc. Class A C
CHY,Calamos Convertible a
CIA,Citizens_ Inc. Class 
CIDM,Cinedigm Corp - Class
CIF,MFS Intermediate High
CIFR,Cipher Mining Inc. - 
CJJD,China Jo-Jo Drugstore
CKPT,Checkpoint Therapeuti
CLAA,Colonnade Acquisition
CLAR,Clarus Corporation - 
CLBS,Caladrius Biosciences
CLBT,Cellebrite DI Ltd. - 
CLEU,China Liberal Educati
CLGN,CollPlant Biotechnolo
CLIR,ClearSign Technologie
CLLS,Cellectis S.A. - Amer
CLNE,Clean Energy Fuels Co
CLNN,Clene Inc. - Common S
CLOV,Clover Health Investm
CLPS,CLPS Incorporation - 
CLPT,ClearPoint Neuro Inc.
CLRB,Cellectar Biosciences
CLRO,ClearOne_ Inc. - Comm
CLSD,Clearside Biomedical_
CLSK,CleanSpark_ Inc. - Co
CLSN,Celsion Corporation -
CLVR,Clever Leaves Holding
CLVS,Clovis Oncology_ Inc.
CLVT,Clarivate Plc 5.25% S
CLWT,Euro Tech Holdings Co
CLXT,Calyxt_ Inc. - Common
CMBM,Cambium Networks Corp
CMG,Chipotle Mexican Gril
CMLS,Cumulus Media Inc. - 
CMMB,Chemomab Therapeutics
CMPI,Checkmate Pharmaceuti
CMPS,COMPASS Pathways Plc 
CMSC,CMS Energy Corporatio
CMTL,Comtech Telecommunica
CMU,MFS Municipal Income 
CNET,ZW Data Action Techno
CNEY,CN Energy Group Inc. 
CNK,Cinemark Holdings Inc
CNSL,Consolidated Communic
CNSP,CNS Pharmaceuticals_ 
CNTA,Centessa Pharmaceutic
CNTG,Centogene N.V. - Comm
CNTY,Century Casinos_ Inc.
COCP,Cocrystal Pharma_ Inc
CODA,Coda Octopus Group_ I
COE,China Online Educatio
COHN,Cohen & Company Inc.
COLD,Americold Realty Trus
COLIU,Colicity Inc. - Units
COLM,Columbia Sportswear C
COMP,Compass_ Inc. Class A
COMS,ComSovereign Holding 
CONXU,CONX Corp. - Unit
COOLU,Corner Growth Acquisi
CORT,Corcept Therapeutics 
COUP,Coupa Software Incorp
COUR,Coursera_ Inc. Common
COVAU,COVA Acquisition Corp
COWN,Cowen Inc. - Class A 
CPARU,Catalyst Partners Acq
CPHI,China Pharma Holdings
CPNG,Coupang_ Inc. Class A
CPSH,CPS Technologies Corp
CPSI,Computer Programs and
CRBP,Corbus Pharmaceutical
CRCT,Cricut_ Inc. - Class 
CRDL,Cardiol Therapeutics 
CRIS,Curis_ Inc. - Common 
CRKN,Crown Electrokinetics
CRL,Charles River Laborat
CRM,Salesforce.com Inc Co
CRMD,CorMedix Inc. - Commo
CRNC,Cerence Inc. - Common
CRNT,Ceragon Networks Ltd.
CRON,Cronos Group Inc. - C
CRSP,CRISPR Therapeutics A
CRSR,Corsair Gaming_ Inc. 
CRTD,Creatd Inc. - Common 
CRTX,Cortexyme_ Inc. - Com
CRVS,Corvus Pharmaceutical
CRWD,CrowdStrike Holdings_
CRWS,Crown Crafts_ Inc. - 
CRXT,Clarus Therapeutics H
CSBR,Champions Oncology_ I
CSCW,Color Star Technology
CSGP,CoStar Group_ Inc. - 
CSIQ,Canadian Solar Inc. -
CSSE,Chicken Soup for the 
CSSEN,Chicken Soup for the 
CSTL,Castle Biosciences_ I
CSWC,Capital Southwest Cor
CTDD,Qwest Corporation 6.7
CTEK,CynergisTek_ Inc. Com
CTIB,Yunhong CTI Ltd. - Co
CTK,CooTek (Cayman) Inc. 
CTLT,Catalent_ Inc. Common
CTRM,Castor Maritime Inc. 
CTRN,Citi Trends_ Inc. - C
CTV,Innovid Corp. Common 
CTXR,Citius Pharmaceutical
CUBB,Customers Bancorp_ In
CUE,Cue Biopharma_ Inc. -
CUEN,Cuentas_ Inc. - Commo
CULP,Culp_ Inc. Common Sto
CURI,CuriosityStream Inc. 
CURO,CURO Group Holdings C
CUTR,Cutera_ Inc. - Common
CVAC,CureVac N.V. - Ordina
CVM,Cel-Sci Corporation C
CVNA,Carvana Co. Class A C
CVT,Cvent Holding Corp. -
CVU,CPI Aerostructures_ I
CWBR,CohBar_ Inc. - Common
CWCO,Consolidated Water Co
CXDO,Crexendo_ Inc. - Comm
CXE,MFS High Income Munic
CXH,MFS Investment Grade 
CYBN,Cybin Inc. Common Sha
CYCC,Cyclacel Pharmaceutic
CYCN,Cyclerion Therapeutic
CYRN,CYREN Ltd. - Ordinary
CYRX,CryoPort_ Inc. - Comm
CYT,Cyteir Therapeutics_ 
CZOO,Cazoo Group Ltd Class
CZR,Caesars Entertainment
DADA,Dada Nexus Limited - 
DASH,DoorDash_ Inc. Class 
DAWN,Day One Biopharmaceut
DBGI,Digital Brands Group_
DBL,DoubleLine Opportunis
DBTX,Decibel Therapeutics_
DBVT,DBV Technologies S.A.
DBX,Dropbox_ Inc. - Class
DCBO,Docebo Inc. - Common 
DCF,BNY Mellon Alcentra G
DCFC,Tritium DCFC Limited 
DCGO,DocGo Inc. - Common S
DCI,Donaldson Company_ In
DCOMP,Dime Community Bancsh
DCT,Duck Creek Technologi
DCTH,Delcath Systems_ Inc.
DDD,3D Systems Corporatio
DECK,Deckers Outdoor Corpo
DFFN,Diffusion Pharmaceuti
DFP,Flaherty & Crumrine D
DGHI,Digihost Technology I
DGLY,Digital Ally_ Inc. - 
DHF,BNY Mellon High Yield
DHHCU,DiamondHead Holdings 
DHT,DHT Holdings_ Inc.
DHY,Credit Suisse High Yi
DIBS,1stdibs.com_ Inc. - C
DIN,Dine Brands Global_ I
DISCB,Discovery_ Inc. - Ser
DKNG,DraftKings Inc. - Cla
DLNG,Dynagas LNG Partners 
DLO,DLocal Limited - Clas
DLPN,Dolphin Entertainment
DLX,Deluxe Corporation Co
DLY,DoubleLine Yield Oppo
DM,Desktop Metal_ Inc. C
DMAC,DiaMedica Therapeutic
DMB,BNY Mellon Municipal 
DMF,BNY Mellon Municipal 
DMO,Western Asset Mortgag
DMTK,DermTech_ Inc. - Comm
DNLI,Denali Therapeutics I
DNMR,Danimer Scientific_ I
DOCU,DocuSign_ Inc. - Comm
DOMA,Doma Holdings_ Inc. C
DOMO,Domo_ Inc. - Class B 
DOOR,Masonite Internationa
DOYU,DouYu International H
DPRO,Draganfly Inc. - Comm
DRIO,DarioHealth Corp. - C
DRRX,DURECT Corporation - 
DS,Drive Shack Inc. Pfd 
DSEY,Diversey Holdings_ Lt
DSL,DoubleLine Income Sol
DSM,BNY Mellon Strategic 
DSP,Viant Technology Inc.
DSS,DSS_ Inc. Common Stoc
DSX,Diana Shipping Inc. P
DT,Dynatrace_ Inc. Commo
DTEA,DAVIDsTEA Inc. - Comm
DTF,DTF Tax-Free Income 2
DTIL,Precision BioSciences
DTSS,Datasea Inc. - Common
DTST,Data Storage Corporat
DUKB,Duke Energy Corporati
DUO,Fangdd Network Group 
DUOT,Duos Technologies Gro
DV,DoubleVerify Holdings
DX,Dynex Capital_ Inc. 6
DXF,Dunxin Financial Hold
DYN,Dyne Therapeutics_ In
DYNT,Dynatronics Corporati
EARN,Ellington Residential
EAST,Eastside Distilling_ 
EAT,Brinker International
EB,Eventbrite_ Inc. Clas
EBAY,eBay Inc. - Common St
EBET,Esports Technologies_
EBF,Ennis_ Inc. Common St
EBON,Ebang International H
ECF,Ellsworth Growth and 
ECOL,US Ecology_ Inc. - Co
ECOM,ChannelAdvisor Corpor
EDD,Morgan Stanley Emergi
EDF,Stone Harbor Emerging
EDIT,Editas Medicine_ Inc.
EDN,Empresa Distribuidora
EDRY,EuroDry Ltd. - Common
EDSA,Edesa Biotech_ Inc. -
EDU,New Oriental Educatio
EDUC,Educational Developme
EEA,The European Equity F
EEIQ,Elite Education Group
EEX,Emerald Holding_ Inc.
EFTR,eFFECTOR Therapeutics
EGF,Blackrock Enhanced Go
EGHT,8x8 Inc Common Stock
EGLX,Enthusiast Gaming Hol
EHI,Western Asset Global 
EHTH,eHealth_ Inc. - Commo
EIGR,Eiger BioPharmaceutic
EIM,Eaton Vance Municipal
EJH,E-Home Household Serv
EKSO,Ekso Bionics Holdings
ELA,Envela Corporation Co
ELAN,Elanco Animal Health 
ELAT,Elanco Animal Health 
ELDN,Eledon Pharmaceutical
ELMS,Electric Last Mile So
ELOX,Eloxx Pharmaceuticals
ELTK,Eltek Ltd. - Ordinary
ELY,Callaway Golf Company
ELYS,Elys Game Technology_
EMAN,eMagin Corporation Co
EMD,Western Asset Emergin
EMF,Templeton Emerging Ma
EMKR,EMCORE Corporation - 
EMX,EMX Royalty Corporati
ENG,ENGlobal Corporation 
ENJY,Enjoy Technology_ Inc
ENLV,Enlivex Therapeutics 
ENSV,Enservco Corporation 
ENTX,Entera Bio Ltd. - Ord
ENVB,Enveric Biosciences_ 
ENX,Eaton Vance New York 
EOLS,Evolus_ Inc. - Common
EOS,Eaton Vance Enhance E
EOSE,Eos Energy Enterprise
EOT,Eaton Vance Municipal
EPAC,Enerpac Tool Group Co
EPHYU,Epiphany Technology A
EPIX,ESSA Pharma Inc. - Co
EPR,EPR Properties 5.750%
EPRT,Essential Properties 
EPZM,Epizyme_ Inc. - Commo
EQIX,Equinix_ Inc. - Commo
EQOS,EQONEX LIMITED - Ordi
EQRX,EQRx_ Inc.  - Common 
ERC,Allspring Multi-Secto
ERO,Ero Copper Corp. Comm
ERYP,Erytech Pharma S.A. -
ESCA,Escalade_ Incorporate
ESGRO,Enstar Group Limited 
ESPR,Esperion Therapeutics
ESTA,Establishment Labs Ho
ESTC,Elastic N.V. Ordinary
ETJ,Eaton Vance Risk-Mana
ETNB,89bio_ Inc. - Common 
ETON,Eton Pharmaceuticals_
ETTX,Entasis Therapeutics 
ETV,Eaton Vance Corporati
ETWO,E2open Parent Holding
ETX,Eaton Vance Municipal
EVAX,Evaxion Biotech A_S -
EVBG,Everbridge_ Inc. - Co
EVGN,Evogene Ltd. - Ordina
EVK,Ever-Glory Internatio
EVLO,Evelo Biosciences_ In
EVLV,Evolv Technologies Ho
EVM,Eaton Vance Californi
EVN,Eaton Vance Municipal
EVO,Evotec SE - American 
EVOK,Evoke Pharma_ Inc. - 
EVOL,Evolving Systems_ Inc
EVR,Evercore Inc. Class A
EVRI,Everi Holdings Inc. C
EVTL,Vertical Aerospace Lt
EVV,Eaton Vance Limited D
EXK,Endeavour Silver Corp
EXN,Excellon Resources In
EXPI,eXp World Holdings_ I
EYE,National Vision Holdi
EYEN,Eyenovia_ Inc. - Comm
EYES,Second Sight Medical 
EZGO,EZGO Technologies Ltd
FAM,First Trust_Aberdeen 
FAMI,Farmmi_ INC. - Ordina
FANH,Fanhua Inc. - America
FARO,FARO Technologies_ In
FATBP,FAT Brands Inc. - 8.2
FATE,Fate Therapeutics_ In
FAX,Aberdeen Asia-Pacific
FB,Meta Platforms_ Inc. 
FBIO,Fortress Biotech_ Inc
FBRX,Forte Biosciences_ In
FCEL,FuelCell Energy_ Inc.
FCO,Aberdeen Global Incom
FDMT,4D Molecular Therapeu
FEMY,Femasys Inc. - Common
FENG,Phoenix New Media Lim
FEO,First Trust_Aberdeen 
FFC,Flaherty & Crumrine P
FFHL,Fuwei Films (Holdings
FFIE,Faraday Future Intell
FGF,FG Financial Group_ I
FGFPP,FG Financial Group_ I
FIGS,FIGS_ Inc. Class A Co
FINS,Angel Oak Financial S
FINV,FinVolution Group Ame
FITBO,Fifth Third Bancorp -
FITBP,Fifth Third Bancorp -
FIVE,Five Below_ Inc. - Co
FIVN,Five9_ Inc. - Common 
FIXX,Homology Medicines_ I
FLACU,Frazier Lifesciences 
FLC,Flaherty & Crumrine T
FLDM,Fluidigm Corporation 
FLGC,Flora Growth Corp. - 
FLNT,Fluent_ Inc. - Common
FLUX,Flux Power Holdings_ 
FLWS,1-800-FLOWERS.COM_ In
FLXS,Flexsteel Industries_
FLYW,Flywire Corporation -
FMBIO,First Midwest Bancorp
FMBIP,First Midwest Bancorp
FMN,Federated Hermes Prem
FMTX,Forma Therapeutics Ho
FNCH,Finch Therapeutics Gr
FNHC,FedNat Holding Compan
FNV,Franco-Nevada Corpora
FOA,Finance of America Co
FORA,Forian Inc. - Common 
FORD,Forward Industries_ I
FOUR,Shift4 Payments_ Inc.
FPAY,FlexShopper_ Inc. - C
FPF,First Trust Intermedi
FPI,Farmland Partners Inc
FRD,Friedman Industries I
FREE,Whole Earth Brands_ I
FRLN,Freeline Therapeutics
FROG,JFrog Ltd. - Ordinary
FRPT,Freshpet_ Inc. - Comm
FRSX,Foresight Autonomous 
FRXB,Forest Road Acquisiti
FSD,First Trust High Inco
FSLR,First Solar_ Inc. - C
FSLY,Fastly_ Inc. Class A 
FSRXU,FinServ Acquisition C
FSSIU,Fortistar Sustainable
FSTX,F-star Therapeutics_ 
FTCH,Farfetch Limited Clas
FTCI,FTC Solar_ Inc. - Com
FTCV,FinTech Acquisition C
FTCVU,FinTech Acquisition C
FTEK,Fuel Tech_ Inc. - Com
FTF,Franklin Limited Dura
FTFT,Future FinTech Group 
FTHM,Fathom Holdings Inc. 
FTHY,First Trust High Yiel
FTRP,Field Trip Health Ltd
FUBO,fuboTV Inc. Common St
FULTP,Fulton Financial Corp
FUV,Arcimoto_ Inc. - Comm
FVE,Five Star Senior Livi
FVRR,Fiverr International 
FWAC,Fifth Wall Acquisitio
FWBI,First Wave BioPharma_
FWP,Forward Pharma A_S - 
GAIA,Gaia_ Inc. - Class A 
GALT,Galectin Therapeutics
GAME,Engine Gaming and Med
GAN,GAN Limited - Ordinar
GANX,Gain Therapeutics_ In
GASS,StealthGas_ Inc. - co
GAU,Galiano Gold Inc.
GB,Global Blue Group Hol
GBAB,Guggenheim Taxable Mu
GBIO,Generation Bio Co. - 
GBL,Gamco Investors_ Inc.
GBNH,Greenbrook TMS Inc. -
GBOX,Greenbox POS - Common
GBS,GBS Inc. - Common Sto
GBT,Global Blood Therapeu
GCMG,GCM Grosvenor Inc. - 
GDL,The GDL Fund Series C
GDO,Western Asset Global 
GDOT,Green Dot Corporation
GDRX,GoodRx Holdings_ Inc.
GDS,GDS Holdings Limited 
GENI,Genius Sports Limited
GERN,Geron Corporation - C
GEVO,Gevo_ Inc. - Common S
GF,New Germany Fund_ Inc
GGAL,Grupo Financiero Gali
GGT,Gabelli Multi-Media T
GGZ,Gabelli Global Small 
GH,Guardant Health_ Inc.
GHG,GreenTree Hospitality
GHLD,Guild Holdings Compan
GHSI,Guardion Health Scien
GHY,PGIM Global High Yiel
GIGM,GigaMedia Limited - O
GIII,G-III Apparel Group_ 
GIM,Templeton Global Inco
GLAD,Gladstone Capital Cor
GLBE,Global-E Online Ltd. 
GLBS,Globus Maritime Limit
GLG,TD Holdings_ Inc. - C
GLHAU,Glass Houses Acquisit
GLMD,Galmed Pharmaceutical
GLO,Clough Global Opportu
GLPI,Gaming and Leisure Pr
GLQ,Clough Global Equity 
GLS,Gelesis Holdings_ Inc
GLSI,Greenwich LifeScience
GLTO,Galecto_ Inc. - Commo
GLV,Clough Global Dividen
GLW,Corning Incorporated 
GLYC,GlycoMimetics_ Inc. -
GMAB,Genmab A_S - American
GMBL,Esports Entertainment
GME,GameStop Corporation 
GMTX,Gemini Therapeutics_ 
GNCA,Genocea Biosciences_ 
GNLN,Greenlane Holdings_ I
GNOG,Golden Nugget Online 
GNRC,Generac Holdlings Inc
GNUS,Genius Brands Interna
GOCO,GoHealth_ Inc. - Clas
GOED,1847 Goedeker Inc. Co
GOF,Guggenheim Strategic 
GOOS,Canada Goose Holdings
GOVX,GeoVax Labs_ Inc. - C
GP,GreenPower Motor Comp
GPACU,Global Partner Acquis
GPJA,Georgia Power Company
GPL,Great Panther Mining 
GPMT,Granite Point Mortgag
GPS,Gap_ Inc. (The) Commo
GRAB,Grab Holdings Limited
GRAY,Graybug Vision_ Inc. 
GRCL,Gracell Biotechnologi
GREE,Greenidge Generation 
GRIL,Muscle Maker_ Inc - C
GRMN,Garmin Ltd. Common St
GRNQ,Greenpro Capital Corp
GROM,Grom Social Enterpris
GROY,Gold Royalty Corp. Co
GRUB,Just Eat Takeaway.com
GRVY,GRAVITY Co._ Ltd. - A
GRWG,GrowGeneration Corp. 
GS,Goldman Sachs Group_ 
GSAT,Globalstar_ Inc. Comm
GSEV,Gores Holdings VII_ I
GSHD,Goosehead Insurance_ 
GSIT,GSI Technology_ Inc. 
GSM,Ferroglobe PLC - Ordi
GSMG,Glory Star New Media 
GTBP,GT Biopharma_ Inc. - 
GTEC,Greenland Technologie
GTH,Genetron Holdings Lim
GTHX,G1 Therapeutics_ Inc.
GTLS,Chart Industries_ Inc
GTYH,GTY Technology Holdin
GURE,Gulf Resources_ Inc. 
GVA,Granite Construction 
GWRE,Guidewire Software_ I
GWRS,Global Water Resource
HA,Hawaiian Holdings_ In
HAAC,Health Assurance Acqu
HAACU,Health Assurance Acqu
HAE,Haemonetics Corporati
HAIN,The Hain Celestial Gr
HAPP,Happiness Development
HARP,Harpoon Therapeutics_
HASI,Hannon Armstrong Sust
HBANM,Huntington Bancshares
HBB,Hamilton Beach Brands
HBI,Hanesbrands Inc. Comm
HBIO,Harvard Bioscience_ I
HCAT,Health Catalyst_ Inc 
HCDIP,Harbor Custom Develop
HCI,HCI Group_ Inc. Commo
HCIC,Hennessy Capital Inve
HCICU,Hennessy Capital Inve
HEAR,Turtle Beach Corporat
HEPA,Hepion Pharmaceutical
HERAU,FTAC Hera Acquisition
HEXO,HEXO Corp. - Common S
HGEN,Humanigen_ Inc. - Com
HIBB,Hibbett_ Inc. - Commo
HIIIU,Hudson Executive Inve
HIMS,Hims & Hers Health_ I
HIO,Western Asset High In
HIPO,Hippo Holdings Inc. C
HITI,High Tide Inc. - Comm
HIX,Western Asset High In
HLBZ,Helbiz_ Inc. - Class 
HLG,Hailiang Education Gr
HLGN,Heliogen_ Inc. Common
HLMN,Hillman Solutions Cor
HMTV,Hemisphere Media Grou
HNST,The Honest Company_ I
HNW,Pioneer Diversified H
HOFV,Hall of Fame Resort &
HOG,Harley-Davidson_ Inc.
HOOK,HOOKIPA Pharma Inc. -
HOWL,Werewolf Therapeutics
HPF,John Hancock Pfd Inco
HPI,John Hancock Preferre
HPS,John Hancock Preferre
HQH,Tekla Healthcare Inve
HQL,TeklaLife Sciences In
HRB,H&R Block_ Inc. Commo
HROW,Harrow Health_ Inc. -
HRTX,Heron Therapeutics_ I
HRZN,Horizon Technology Fi
HSDT,Helius Medical Techno
HSKA,Heska Corporation - C
HSTO,Histogen Inc. - Commo
HT,Hersha Hospitality Tr
HTBX,Heat Biologics_ Inc. 
HTLFP,Heartland Financial U
HTOO,Fusion Fuel Green PLC
HUBS,HubSpot_ Inc. Common 
HUGE,FSD Pharma Inc. - Cla
HUIZ,Huize Holding Limited
HUMA,Humacyte_ Inc. - Comm
HURN,Huron Consulting Grou
HVBC,HV Bancorp_ Inc. - Co
HVT,Haverty Furniture Com
HYB,New America High Inco
HYFM,Hydrofarm Holdings Gr
HYI,Western Asset High Yi
HYLN,Hyliion Holdings Corp
HYMC,Hycroft Mining Holdin
HYMCL,Hycroft Mining Holdin
HYPR,Hyperfine_ Inc.  - Cl
HYRE,HyreCar Inc. - Common
HYT,Blackrock Corporate H
HYZN,Hyzon Motors Inc. - C
HZNP,Horizon Therapeutics 
IAA,IAA_ Inc. Common Stoc
IAF,Aberdeen Australia Eq
IBIO,iBio_ Inc. Common Sto
IBRX,ImmunityBio_ Inc. - C
ICAD,icad inc. - Common St
ICLK,iClick Interactive As
ICPT,Intercept Pharmaceuti
ID,PARTS iD_ Inc. Class 
IDE,Voya Infrastructure_ 
IDEX,Ideanomics_ Inc. - Co
IDN,Intellicheck_ Inc. - 
IDXX,IDEXX Laboratories_ I
IDYA,IDEAYA Biosciences_ I
IEA,Infrastructure and En
IFBD,Infobird Co._ Ltd - O
IFF,International Flavors
IFN,India Fund_ Inc. (The
IGC,India Globalization C
IGI,Western Asset Investm
IGMS,IGM Biosciences_ Inc.
IH,iHuman Inc. American 
IHD,Voya Emerging Markets
IHIT,Invesco High Income 2
IHRT,iHeartMedia_ Inc. - C
IIIIU,INSU Acquisition Corp
IIM,Invesco Value Municip
IIN,IntriCon Corporation 
IKT,Inhibikase Therapeuti
IMAB,I-MAB - American Depo
IMCC,IM Cannabis Corp. - C
IMCR,Immunocore Holdings p
IMH,Impac Mortgage Holdin
IMMP,Immutep Limited - Ame
IMMR,Immersion Corporation
IMNM,Immunome_ Inc. - Comm
IMRA,IMARA Inc. - Common S
IMV,IMV Inc. - Common Sha
IMVT,Immunovant_ Inc.  - C
INBKZ,First Internet Bancor
INDP,Indaptus Therapeutics
INFI,Infinity Pharmaceutic
INGN,Inogen_ Inc - Common 
INM,InMed Pharmaceuticals
INMB,INmune Bio Inc. - Com
INO,Inovio Pharmaceutical
INPX,Inpixon  - Common Sto
INSG,Inseego Corp. - Commo
INSI,Insight Select Income
INSM,Insmed_ Inc. - Common
INSW,International Seaways
INUV,Inuvo_ Inc.
INVZ,Innoviz Technologies 
IOR,Income Opportunity Re
IOVA,Iovance Biotherapeuti
IPGP,IPG Photonics Corpora
IPSC,Century Therapeutics_
IPVA,InterPrivate II Acqui
IPVI,InterPrivate IV Infra
IPVIU,InterPrivate IV Infra
IPW,iPower Inc. - Common 
IPWR,Ideal Power Inc. - Co
IQ,iQIYI_ Inc. - America
IQI,Invesco Quality Munic
IRBT,iRobot Corporation - 
IRCP,IRSA Propiedades Come
IRDM,Iridium Communication
IRIX,IRIDEX Corporation - 
IRL,New Ireland Fund_ Inc
IRNT,IronNet_ Inc. Common 
IS,ironSource Ltd. Class
ISD,PGIM High Yield Bond 
ISR,IsoRay_ Inc. Common S
ISRG,Intuitive Surgical_ I
ISUN,iSun_ Inc. - Common S
ITGR,Integer Holdings Corp
ITI,Iteris_ Inc. - Common
ITP,IT Tech Packaging_ In
ITRG,Integra Resources Cor
ITRI,Itron_ Inc. - Common 
ITRM,Iterum Therapeutics p
IVA,Inventiva S.A. - Amer
IVR,INVESCO MORTGAGE CAPI
IZEA,IZEA Worldwide_ Inc. 
JAGX,Jaguar Health_ Inc. -
JAKK,JAKKS Pacific_ Inc. -
JAN,JanOne Inc. - Common 
JANX,Janux Therapeutics_ I
JBI,Janus International G
JCICU,Jack Creek Investment
JCS,Communications System
JCTCF,Jewett-Cameron Tradin
JELD,JELD-WEN Holding_ Inc
JEMD,Nuveen Emerging Marke
JEQ,Aberdeen Japan Equity
JFIN,Jiayin Group Inc. - A
JG,Aurora Mobile Limited
JHAA,Nuveen Corporate Inco
JHI,John Hancock Investor
JHS,John Hancock Income S
JLS,Nuveen Mortgage and I
JMIA,Jumia Technologies AG
JMM,Nuveen Multi-Market I
JOBY,Joby Aviation_ Inc. C
JOF,Japan Smaller Capital
JOUT,Johnson Outdoors Inc.
JP,Jupai Holdings Limite
JPT,Nuveen Preferred and 
JSM,Navient Corporation -
JSPR,Jasper Therapeutics_ 
JUPW,Jupiter Wellness_ Inc
JYNT,The Joint Corp. - Com
JZXN,Jiuzi Holdings_ Inc. 
KAIIU,Kismet Acquisition Tw
KALA,Kala Pharmaceuticals_
KALV,KalVista Pharmaceutic
KAVL,Kaival Brands Innovat
KBAL,Kimball International
KBNT,Kubient_ Inc. - Commo
KC,Kingsoft Cloud Holdin
KE,Kimball Electronics_ 
KEP,Korea Electric Power 
KERN,Akerna Corp. - Common
KF,Korea Fund_ Inc. (The
KIDS,OrthoPediatrics Corp.
KLDO,Kaleido Biosciences_ 
KLIC,Kulicke and Soffa Ind
KLR,Kaleyra_ Inc. Common 
KMPH,KemPharm_ Inc. - Comm
KMX,CarMax Inc
KNDI,Kandi Technologies Gr
KNSA,Kiniksa Pharmaceutica
KNTE,Kinnate Biopharma Inc
KOD,Kodiak Sciences Inc -
KODK,Eastman Kodak Company
KOP,Koppers Holdings Inc.
KOPN,Kopin Corporation - C
KORE,KORE Group Holdings_ 
KOSS,Koss Corporation - Co
KPLT,Katapult Holdings_ In
KPRX,Kiora Pharmaceuticals
KRBP,Kiromic BioPharma_ In
KRKR,36Kr Holdings Inc. - 
KRMD,Repro Med Systems_ In
KRNLU,Kernel Group Holdings
KRON,Kronos Bio_ Inc. - Co
KRT,Karat Packaging Inc. 
KSM,DWS Strategic Municip
KSPN,Kaspien Holdings Inc.
KTB,Kontoor Brands_ Inc. 
KTF,DWS Municipal Income 
KTH,Structures Products C
KTN,Structured Products C
KTOS,Kratos Defense & Secu
KTRA,Kintara Therapeutics_
KURA,Kura Oncology_ Inc. -
KVHI,KVH Industries_ Inc. 
KVSA,Khosla Ventures Acqui
KVSC,Khosla Ventures Acqui
KWR,Quaker Houghton Commo
KXIN,Kaixin Auto Holdings 
KYMR,Kymera Therapeutics_ 
KZIA,Kazia Therapeutics Li
LABP,Landos Biopharma_ Inc
LAIX,LAIX Inc. American De
LASR,nLIGHT_ Inc. - Common
LAZ,Lazard LTD. Lazard_ L
LAZR,Luminar Technologies_
LAZY,Lazydays Holdings_ In
LBPH,Longboard Pharmaceuti
LBPS,4D pharma plc - Ameri
LBRDA,Liberty Broadband Cor
LBRDK,Liberty Broadband Cor
LBTYA,Liberty Global plc - 
LBTYB,Liberty Global plc - 
LCAPU,Lionheart Acquisition
LCI,Lannett Co Inc Common
LCTX,Lineage Cell Therapeu
LDP,Cohen & Steers Limite
LE,Lands' End_ Inc. - Co
LEAP,Ribbit LEAP_ Ltd. Cla
LEDS,SemiLEDS Corporation 
LEG,Leggett & Platt_ Inco
LEGAU,Lead Edge Growth Oppo
LEJU,Leju Holdings Limited
LEO,BNY Mellon Strategic 
LEV,The Lion Electric Com
LEVI,Levi Strauss & Co Cla
LFMD,LifeMD_ Inc. - Common
LFST,LifeStance Health Gro
LFT,Lument Finance Trust_
LFVN,Lifevantage Corporati
LGACU,Lazard Growth Acquisi
LGHL,Lion Group Holding Lt
LGI,Lazard Global Total R
LGIH,LGI Homes_ Inc. - Com
LGL,LGL Group_ Inc. (The)
LGO,Largo Inc. - Common S
LGV,Longview Acquisition 
LIDR,AEye_ Inc. - Class A 
LII,Lennox International_
LILA,Liberty Latin America
LILAK,Liberty Latin America
LILM,Lilium N.V. - Class A
LITTU,Logistics Innovation 
LIVE,Live Ventures Incorpo
LIZI,LIZHI INC. - American
LKCO,Luokung Technology Co
LL,LL Flooring Holdings_
LLL,JX Luxventure Limited
LMAT,LeMaitre Vascular_ In
LMND,Lemonade_ Inc. Common
LMNL,Liminal BioSciences I
LMPX,LMP Automotive Holdin
LNN,Lindsay Corporation C
LOAN,Manhattan Bridge Capi
LOCL,Local Bounti Corporat
LOGC,LogicBio Therapeutics
LOTZ,CarLotz_ Inc. - Class
LOVE,The Lovesac Company -
LPCN,Lipocine Inc. - Commo
LPRO,Open Lending Corporat
LPSN,LivePerson_ Inc. - Co
LQDT,Liquidity Services_ I
LRN,Stride_ Inc. Common S
LSF,Laird Superfood_ Inc.
LSPD,Lightspeed Commerce I
LTCH,Latch_ Inc. - Common 
LTRN,Lantern Pharma Inc. -
LTRPA,Liberty TripAdvisor H
LTRPB,Liberty TripAdvisor H
LTRY,Lottery.com_ Inc.  - 
LU,Lufax Holding Ltd Ame
LULU,lululemon athletica i
LUNA,Luna Innovations Inco
LUNG,Pulmonx Corporation -
LUXAU,Lux Health Tech Acqui
LVO,LiveOne_ Inc. - Commo
LVRAU,Levere Holdings Corp.
LVTX,LAVA Therapeutics N.V
LX,LexinFintech Holdings
LXFR,Luxfer Holdings PLC O
LXRX,Lexicon Pharmaceutica
LYEL,Lyell Immunopharma_ I
LYFT,Lyft_ Inc. - Class A 
LYL,Dragon Victory Intern
LYRA,Lyra Therapeutics_ In
LYTS,LSI Industries Inc. -
MACAU,Moringa Acquisition C
MAG,MAG Silver Corporatio
MANH,Manhattan Associates_
MANU,Manchester United Ltd
MAPS,WM Technology_ Inc. -
MARK,Remark Holdings_ Inc.
MASS,908 Devices Inc. - Co
MAV,Pioneer Municipal Hig
MAX,MediaAlpha_ Inc. Clas
MAXN,Maxeon Solar Technolo
MBINN,Merchants Bancorp - D
MBINO,Merchants Bancorp - D
MBIO,Mustang Bio_ Inc. - C
MBRX,Moleculin Biotech_ In
MBT,Mobile TeleSystems Pu
MBUU,Malibu Boats_ Inc. - 
MC,Moelis & Company Clas
MCA,Blackrock MuniYield C
MCHX,Marchex_ Inc. - Class
MCR,MFS Charter Income Tr
MCRB,Seres Therapeutics_ I
MDGL,Madrigal Pharmaceutic
MDGS,Medigus Ltd. - Americ
MDNA,Medicenna Therapeutic
MDRR,Medalist Diversified 
MDRRP,Medalist Diversified 
MDT,Medtronic plc. Ordina
MDXG,MiMedx Group_ Inc - C
ME,23andMe Holding Co. -
MEC,Mayville Engineering 
MED,MEDIFAST INC Common S
MEDS,TRxADE HEALTH_ Inc. -
MEIP,MEI Pharma_ Inc. - Co
MELI,MercadoLibre_ Inc. - 
MESA,Mesa Air Group_ Inc. 
MESO,Mesoblast Limited - A
METX,Meten Holding Group L
MFL,Blackrock MuniHolding
MFM,MFS Municipal Income 
MG,Mistras Group Inc Com
MGF,MFS Government Market
MGNI,Magnite_ Inc. - Commo
MGNX,MacroGenics_ Inc. - C
MGR,Affiliated Managers G
MGTA,Magenta Therapeutics_
MHD,Blackrock MuniHolding
MHF,Western Asset Municip
MHI,Pioneer Municipal Hig
MHK,Mohawk Industries_ In
MHLA,Maiden Holdings_ Ltd.
MHLD,Maiden Holdings_ Ltd.
MHN,Blackrock MuniHolding
MHNC,Maiden Holdings North
MHO,M_I Homes_ Inc. Commo
MICT,MICT_ Inc. - Common S
MILE,Metromile_ Inc. - Com
MIMO,Airspan Networks Hold
MIN,MFS Intermediate Inco
MINDP,MIND Technology_ Inc.
MINM,Minim_ Inc. - Common 
MITK,Mitek Systems_ Inc. -
MITO,Stealth BioTherapeuti
MITT,AG Mortgage Investmen
MIY,Blackrock MuniYield M
MKD,Molecular Data Inc. -
MKFG,Markforged Holding Co
MKTW,MarketWise_ Inc. - Cl
ML,MoneyLion Inc. Class 
MMAT,Meta Materials Inc. -
MMD,MainStay MacKay Defin
MMSI,Merit Medical Systems
MMT,MFS Multimarket Incom
MMU,Western Asset Managed
MMYT,MakeMyTrip Limited - 
MN,Manning & Napier_ Inc
MNDT,Mandiant_ Inc. - Comm
MNDY,monday.com Ltd. - Ord
MNKD,MannKind Corporation 
MNMD,Mind Medicine (MindMe
MNOV,MediciNova_ Inc. - Co
MNP,Western Asset Municip
MNPR,Monopar Therapeutics 
MNTS,Momentus Inc. - Class
MNTV,Momentive Global Inc.
MOBQ,Mobiquity Technologie
MOD,Modine Manufacturing 
MODN,Model N_ Inc. Common 
MODV,ModivCare Inc. - Comm
MOGO,Mogo Inc. - Common Sh
MOGU,MOGU Inc. American De
MOHO,ECMOHO Limited - Amer
MOR,MorphoSys AG - Americ
MORF,Morphic Holding_ Inc.
MOTS,Motus GI Holdings_ In
MOXC,Moxian (BVI) Inc  - O
MPLN,MultiPlan Corporation
MPX,Marine Products Corpo
MQ,Marqeta_ Inc. - Class
MQT,Blackrock MuniYield Q
MQY,Blackrock MuniYield Q
MREO,Mereo BioPharma Group
MRKR,Marker Therapeutics_ 
MRNA,Moderna_ Inc. - Commo
MRSN,Mersana Therapeutics_
MRTX,Mirati Therapeutics_ 
MRVI,Maravai LifeSciences 
MSA,MSA Safety Incorporat
MSCI,MSCI Inc Common Stock
MSD,Morgan Stanley Emergi
MSGS,Madison Square Garden
MSN,Emerson Radio Corpora
MSTR,MicroStrategy Incorpo
MSVB,Mid-Southern Bancorp_
MTA,Metalla Royalty & Str
MTBC,CareCloud_ Inc. - Com
MTC,MMTec_ Inc. - Common 
MTCH,Match Group_ Inc. - C
MTCR,Metacrine_ Inc. - Com
MTEM,Molecular Templates_ 
MTP,Midatech Pharma PLC -
MTW,Manitowoc Company_ In
MTZ,MasTec_ Inc. Common S
MUA,Blackrock MuniAssets 
MUC,Blackrock MuniHolding
MUE,Blackrock MuniHolding
MUI,BlackRock Municipal I
MUJ,Blackrock MuniHolding
MULN,Mullen Automotive_ In
MVBF,MVB Financial Corp. -
MVF,Blackrock MuniVest Fu
MVIS,MicroVision_ Inc. - C
MWA,MUELLER WATER PRODUCT
MYC,Blackrock MuniYield C
MYD,Blackrock MuniYield F
MYE,Myers Industries_ Inc
MYI,Blackrock MuniYield Q
MYJ,Blackrock MuniYield N
MYMD,MyMD Pharmaceuticals_
MYN,Blackrock MuniYield N
MYOV,Myovant Sciences Ltd.
MYSZ,My Size_ Inc. - Commo
MYTE,MYT Netherlands Paren
NAC,Nuveen California Qua
NAD,Nuveen Quality Munici
NAK,Northern Dynasty Mine
NAN,Nuveen New York Quali
NAOV,NanoVibronix_ Inc. - 
NARI,Inari Medical_ Inc. -
NAT,Nordic American Tanke
NATH,Nathan's Famous_ Inc.
NAUT,Nautilus Biotechnolog
NAVB,Navidea Biopharmaceut
NAZ,Nuveen Arizona Qualit
NBB,Nuveen Taxable Munici
NBEV,NewAge_ Inc. - Common
NBH,Neuberger Berman Muni
NBIX,Neurocrine Bioscience
NBO,Neuberger Berman New 
NBRV,Nabriva Therapeutics 
NBSE,NeuBase Therapeutics_
NBW,Neuberger Berman Cali
NBXG,Neuberger Berman Next
NBY,NovaBay Pharmaceutica
NCA,Nuveen California Mun
NCMI,National CineMedia_ I
NCNO,nCino_ Inc. - Common 
NCTY,The9 Limited - Americ
NCV,Virtus AllianzGI Conv
NCZ,Virtus AllianzGI Conv
NDACU,NightDragon Acquisiti
NDLS,Noodles & Company - C
NDRA,ENDRA Life Sciences I
NEA,Nuveen AMT-Free Quali
NEGG,Newegg Commerce_ Inc.
NEO,NeoGenomics_ Inc. - C
NEOG,Neogen Corporation - 
NEPH,Nephros_ Inc. - Commo
NERV,Minerva Neurosciences
NETI,Eneti Inc. Common Sto
NEV,Nuveen Enhanced Munic
NEW,Puxin Limited America
NEWP,New Pacific Metals Co
NEWT,Newtek Business Servi
NEWTZ,Newtek Business Servi
NEXI,NexImmune_ Inc. - Com
NEXT,NextDecade Corporatio
NFE,New Fortress Energy I
NGC,Northern Genesis Acqu
NGM,NGM Biopharmaceutical
NGMS,NeoGames S.A. - Ordin
NGVT,Ingevity Corporation 
NH,NantHealth_ Inc. - Co
NHS,Neuberger Berman High
NIE,Virtus AllianzGI Equi
NILE,BitNile Holdings_ Inc
NIM,Nuveen Select Maturit
NIO,NIO Inc. American dep
NIQ,Nuveenn Intermediate 
NISN,NiSun Intl Enterprise
NIU,Niu Technologies - Am
NKG,Nuveen Georgia Qualit
NKLA,Nikola Corporation - 
NKTX,Nkarta_ Inc. - Common
NKX,Nuveen California AMT
NLS,Nautilus_ Inc. Common
NLSN,Nielsen N.V. Ordinary
NLSP,NLS Pharmaceutics Ltd
NLTX,Neoleukin Therapeutic
NLY,Annaly Capital Manage
NM,Navios Maritime Holdi
NMCO,Nuveen Municipal Cred
NMI,Nuveen Municipal Inco
NMRD,Nemaura Medical Inc. 
NMTR,9 Meters Biopharma_ I
NMZ,Nuveen Municipal High
NNBR,NN_ Inc. - Common Sto
NNDM,Nano Dimension Ltd. -
NNOX,NANO-X IMAGING LTD - 
NNVC,NanoViricides_ Inc. C
NNY,Nuveen New York Munic
NOACU,Natural Order Acquisi
NODK,NI Holdings_ Inc. - C
NOVA,Sunnova Energy Intern
NOVN,Novan_ Inc. - Common 
NPCT,Nuveen Core Plus Impa
NPV,Nuveen Virginia Quali
NQP,Nuveen Pennsylvania Q
NRACU,Noble Rock Acquisitio
NRBO,NeuroBo Pharmaceutica
NRGD,MicroSectors U.S. Big
NRIX,Nurix Therapeutics_ I
NRK,Nuveen New York AMT-F
NRXP,NRX Pharmaceuticals_ 
NSPR,InspireMD Inc. - Comm
NSTG,NanoString Technologi
NTIC,Northern Technologies
NTIP,Network-1 Technologie
NTNX,Nutanix_ Inc. - Class
NTP,Nam Tai Property Inc.
NTRA,Natera_ Inc. - Common
NTWK,NETSOL Technologies I
NTZ,Natuzzi_ S.p.A.
NUO,Nuveen Ohio Quality M
NUV,Nuveen Municipal Valu
NUVB,Nuvation Bio Inc. Cla
NUW,Nuveen AMT-Free Munic
NUWE,Nuwellis_ Inc. - Comm
NVAX,Novavax_ Inc. - Commo
NVCN,Neovasc Inc. - Common
NVCR,NovoCure Limited - Or
NVEC,NVE Corporation - Com
NVEI,Nuvei Corporation - S
NVFY,Nova Lifestyle_ Inc -
NVG,Nuveen AMT-Free Munic
NVIV,InVivo Therapeutics H
NVNO,enVVeno Medical Corpo
NVOS,Novo Integrated Scien
NVRO,Nevro Corp. Common St
NVTA,Invitae Corporation C
NXDT,NexPoint Diversified 
NXE,Nexgen Energy Ltd. Co
NXJ,Nuveen New Jersey Qua
NXN,Nuveen New York Selec
NXP,Nuveen Select Tax Fre
NXPL,NextPlat Corp - Commo
NXTC,NextCure_ Inc. - Comm
NXTP,NextPlay Technologies
NYMT,New York Mortgage Tru
NYMTM,New York Mortgage Tru
NYMTN,New York Mortgage Tru
NYT,New York Times Compan
NZF,Nuveen Municipal Cred
OBLG,Oblong Inc. - Common 
OBSV,ObsEva SA - Common Sh
OCFCP,OceanFirst Financial 
OCFT,OneConnect Financial 
OCGN,Ocugen_ Inc. - Common
OCUL,Ocular Therapeutix_ I
OCUP,Ocuphire Pharma_ Inc.
OCX,Oncocyte Corporation 
OEG,Orbital Energy Group_
OEPWU,One Equity Partners O
OG,Onion Global Limited 
OGEN,Oragenics Inc. Common
OGI,Organigram Holdings I
OHPAU,Orion Acquisition Cor
OIA,Invesco Municipal Inc
OIIM,O2Micro International
OKTA,Okta_ Inc. - Class A 
OLB,The OLB Group_ Inc. -
OLMA,Olema Pharmaceuticals
OLO,Olo Inc. Class A Comm
OM,Outset Medical_ Inc. 
OMER,Omeros Corporation - 
OMIC,Singular Genomics Sys
OMQS,OMNIQ Corp. - Common 
ONCR,Oncorus_ Inc. - Commo
ONCS,OncoSec Medical Incor
ONCT,Oncternal Therapeutic
ONDS,Ondas Holdings Inc. -
ONE,OneSmart Internationa
ONEM,1Life Healthcare_ Inc
ONTX,Onconova Therapeutics
ONVO,Organovo Holdings_ In
OPAD,Offerpad Solutions In
OPEN,Opendoor Technologies
OPFI,OppFi Inc. Class A Co
OPGN,OpGen_ Inc. - Common 
OPP,RiverNorth_DoubleLine
OPRA,Opera Limited - Ameri
OPRT,Oportun Financial Cor
OPRX,OptimizeRx Corporatio
OPTT,Ocean Power Technolog
OR,Osisko Gold Royalties
ORC,Orchid Island Capital
ORGN,Origin Materials_ Inc
ORGO,Organogenesis Holding
ORIAU,Orion Biotech Opportu
ORIC,Oric Pharmaceuticals_
ORMP,Oramed Pharmaceutical
ORN,Orion Group Holdings_
ORPH,Orphazyme A_S - Ameri
ORTX,Orchard Therapeutics 
OSCR,Oscar Health_ Inc. Cl
OSH,Oak Street Health_ In
OSIS,OSI Systems_ Inc. - C
OSPN,OneSpan Inc. - Common
OSS,One Stop Systems_ Inc
OSTK,Overstock.com_ Inc. -
OTLY,Oatly Group AB - Amer
OTMO,Otonomo Technologies 
OTRK,Ontrak_ Inc. - Common
OTRKP,Ontrak_ Inc. - 9.50% 
OUST,Ouster_ Inc. Common S
OVID,Ovid Therapeutics Inc
OWLT,Owlet_ Inc. Class A C
OXSQZ,Oxford Square Capital
OZON,Ozon Holdings PLC - A
PAAS,Pan American Silver C
PACB,Pacific Biosciences o
PACX,Pioneer Merger Corp. 
PACXU,Pioneer Merger Corp. 
PAGS,PagSeguro Digital Ltd
PAHC,Phibro Animal Health 
PAI,Western Asset Investm
PALI,Palisade Bio_ Inc. - 
PALT,Paltalk_ Inc. - Commo
PANA,Panacea Acquisition C
PAR,PAR Technology Corpor
PASG,Passage Bio_ Inc. - C
PATH,UiPath_ Inc. Class A 
PATK,Patrick Industries_ I
PAVM,PAVmed Inc. - Common 
PAYA,Paya Holdings Inc. - 
PAYC,Paycom Software_ Inc.
PAYO,Payoneer Global Inc. 
PBI,Pitney Bowes Inc 6.70
PBTS,Powerbridge Technolog
PBYI,Puma Biotechnology In
PCF,High Income Securitie
PCK,Pimco California Muni
PCN,Pimco Corporate & Inc
PCOR,Procore Technologies_
PCQ,PIMCO California Muni
PCSA,Processa Pharmaceutic
PCT,PureCycle Technologie
PCTI,PCTEL_ Inc. - Common 
PCTTU,PureCycle Technologie
PCVX,Vaxcyte_ Inc. - Commo
PCYO,Pure Cycle Corporatio
PDCO,Patterson Companies_ 
PDO,PIMCO Dynamic Income 
PDSB,PDS Biotechnology Cor
PEAR,Pear Therapeutics_ In
PEGA,Pegasystems Inc. - Co
PEN,Penumbra_ Inc. Common
PENN,Penn National Gaming_
PETQ,PetIQ_ Inc. - Class A
PETS,PetMed Express_ Inc. 
PETV,PetVivo Holdings_ Inc
PFDRU,Pathfinder Acquisitio
PFH,Prudential Financial_
PFL,PIMCO Income Strategy
PFMT,Performant Financial 
PFN,PIMCO Income Strategy
PFO,Flaherty & Crumrine P
PFX,PhenixFIN Corporation
PGEN,Precigen_ Inc. - Comm
PGNY,Progyny_ Inc. - Commo
PGP,Pimco Global Stockspl
PHAT,Phathom Pharmaceutica
PHCF,Puhui Wealth Investme
PHG,Koninklijke Philips N
PHGE,BiomX Inc. COmmon Sto
PHICU,Population Health Inv
PHIO,Phio Pharmaceuticals 
PHR,Phreesia_ Inc. Common
PHT,Pioneer High Income F
PIII,P3 Health Partners In
PIM,Putnam Master Interme
PING,Ping Identity Holding
PINS,Pinterest_ Inc. Class
PJT,PJT Partners Inc. Cla
PLAG,Planet Green Holdings
PLAN,Anaplan_ Inc. Common 
PLCE,Children's Place_ Inc
PLL,Piedmont Lithium Inc.
PLMIU,Plum Acquisition Corp
PLMR,Palomar Holdings_ Inc
PLPC,Preformed Line Produc
PLRX,Pliant Therapeutics_ 
PLSE,Pulse Biosciences_ In
PLTR,Palantir Technologies
PLX,Protalix BioTherapeut
PLXP,PLx Pharma Inc. - Com
PMCB,PharmaCyte  Biotech_ 
PMD,Psychemedics Corporat
PMF,PIMCO Municipal Incom
PMGMU,Priveterra Acquisitio
PML,Pimco Municipal Incom
PMM,Putnam Managed Munici
PMO,Putnam Municipal Oppo
PMT,PennyMac Mortgage Inv
PMTS,CPI Card Group Inc. -
PMVP,PMV Pharmaceuticals_ 
PMX,PIMCO Municipal Incom
PNF,PIMCO New York Munici
PNI,Pimco New York Munici
PNM,PNM Resources_ Inc. (
PNR,Pentair plc. Ordinary
PNTG,The Pennant Group_ In
POAI,Predictive Oncology I
PODD,Insulet Corporation -
POLA,Polar Power_ Inc. - C
POSH,Poshmark_ Inc. - Clas
POWW,AMMO_ Inc. - Common S
PPBT,Purple Biotech Ltd. -
PPT,Putnam Premier Income
PPTA,Perpetua Resources Co
PRAX,Praxis Precision Medi
PRCH,Porch Group_ Inc. - C
PRFX,PainReform Ltd. - Ord
PRG,PROG Holdings_ Inc. C
PRLB,Proto Labs_ Inc. Comm
PRLD,Prelude Therapeutics 
PRO,PROS Holdings_ Inc. C
PROC,Procaps Group_ S.A. -
PROF,Profound Medical Corp
PRPO,Precipio_ Inc. - Comm
PRSO,Peraso Inc. - Common 
PRSRU,Prospector Capital Co
PRTA,Prothena Corporation 
PRTC,PureTech Health plc -
PRTG,Portage Biotech Inc. 
PRTK,Paratek Pharmaceutica
PRTS,CarParts.com_ Inc. - 
PRTY,Party City Holdco Inc
PRVA,Privia Health Group_ 
PRVB,Provention Bio_ Inc. 
PSAGU,Property Solutions Ac
PSF,Cohen & Steers Select
PSFE,Paysafe Limited Commo
PSHG,Performance Shipping 
PSN,Parsons Corporation C
PSNL,Personalis_ Inc. - Co
PSTV,PLUS THERAPEUTICS_ In
PSTX,Poseida Therapeutics_
PTA,Cohen & Steers Tax-Ad
PTIX,Protagenic Therapeuti
PTON,Peloton Interactive_ 
PTRA,Proterra Inc - Common
PTVE,Pactiv Evergreen Inc.
PTY,Pimco Corporate & Inc
PUK,Prudential Public Lim
PULM,Pulmatrix_ Inc. - Com
PVH,PVH Corp. Common Stoc
PWFL,PowerFleet_ Inc. - Co
PWP,Perella Weinberg Part
PXS,Pyxis Tankers Inc. - 
PYN,PIMCO New York Munici
PYPD,PolyPid Ltd. - Ordina
PYPL,PayPal Holdings_ Inc.
PYR,PyroGenesis Canada In
PZC,PIMCO California Muni
PZG,Paramount Gold Nevada
PZN,Pzena Investment Mana
QD,Qudian Inc. American 
QFIN,360 DigiTech_ Inc. - 
QIPT,Quipt Home Medical Co
QIWI,QIWI plc - American D
QLGN,Qualigen Therapeutics
QLI,Qilian International 
QMCO,Quantum Corporation -
QNRX,Quoin Pharmaceuticals
QRTEA,Qurate Retail_ Inc. -
QRTEB,Qurate Retail_ Inc. -
QRVO,Qorvo_ Inc. - Common 
QSI,Quantum-Si Incorporat
QTRX,Quanterix Corporation
QTT,Qutoutiao Inc. - Amer
QTWO,Q2 Holdings_ Inc. Com
QUBT,Quantum Computing Inc
QUIK,QuickLogic Corporatio
QUMU,Qumu Corporation - Co
QURE,uniQure N.V. - Ordina
QVCC,QVC_ Inc. 6.250% Seni
QVCD,QVC_ Inc. 6.375% Seni
RA,Brookfield Real Asset
RAAS,Cloopen Group Holding
RACB,Research Alliance Cor
RADI,Radius Global Infrast
RAIL,Freightcar America_ I
RAIN,Rain Therapeutics Inc
RAPT,RAPT Therapeutics_ In
RARE,Ultragenyx Pharmaceut
RAVE,Rave Restaurant Group
RBCN,Rubicon Technology_ I
RBOT,Vicarious Surgical In
RCAT,Red Cat Holdings_ Inc
RCEL,Avita Medical_ Inc. -
RCHGU,Recharge Acquisition 
RCII,Rent-A-Center Inc. - 
RCKT,Rocket Pharmaceutical
RCON,Recon Technology_ Ltd
RCOR,Renovacor_ Inc. Commo
RCRT,Recruiter.com Group_ 
RCS,PIMCO Strategic Incom
RDBX,Redbox Entertainment 
RDFN,Redfin Corporation - 
RDNT,RadNet_ Inc. - Common
RDW,Redwire Corporation C
REAL,The RealReal_ Inc. - 
REED,Reeds_ Inc. - Common 
REFR,Research Frontiers In
REGI,Renewable Energy Grou
REKR,Rekor Systems_ Inc. -
RENO,Renovare Environmenta
REPL,Replimune Group_ Inc.
RESN,Resonant Inc. - Commo
REVB,Revelation Bioscience
REVG,REV Group_ Inc. Commo
REVHU,Revolution Healthcare
REZI,Resideo Technologies_
RFL,Rafael Holdings_ Inc.
RFM,RiverNorth Flexible M
RFMZ,RiverNorth Flexible M
RGEN,Repligen Corporation 
RGLS,Regulus Therapeutics 
RGNX,REGENXBIO Inc. - Comm
RGS,Regis Corporation Com
RGT,Royce Global Value Tr
RH,RH Common Stock
RHE,Regional Health Prope
RIBT,RiceBran Technologies
RIDE,Lordstown Motors Corp
RIGL,Rigel Pharmaceuticals
RILYL,B. Riley Financial_ I
RILYM,B. Riley Financial_ I
RILYN,B. Riley Financial_ I
RILYO,B. Riley Financial_ I
RILYP,B. Riley Financial_ I
RILYT,B. Riley Financial_ I
RIOT,Riot Blockchain_ Inc 
RIV,RiverNorth Opportunit
RKDA,Arcadia Biosciences_ 
RKLY,Rockley Photonics Hol
RKT,Rocket Companies_ Inc
RLAY,Relay Therapeutics_ I
RLX,RLX Technology Inc. A
RMD,ResMed Inc. Common St
RMED,Ra Medical Systems_ I
RMI,RiverNorth Opportunis
RMM,RiverNorth Managed Du
RMNI,Rimini Street_ Inc. -
RMO,Romeo Power_ Inc. Cla
RMR,The RMR Group Inc. - 
RMT,Royce Micro-Cap Trust
RNG,RingCentral_ Inc. Cla
RNLX,Renalytix AI plc - Am
RNW,ReNew Energy Global p
RNWK,RealNetworks_ Inc. - 
ROAD,Construction Partners
ROCK,Gibraltar Industries_
ROCRU,Roth CH Acquisition I
ROIV,Roivant Sciences Ltd.
ROKU,Roku_ Inc. - Class A 
ROL,Rollins_ Inc. Common 
ROLL,RBC Bearings Incorpor
ROOT,Root_ Inc. - common s
ROP,Roper Technologies_ I
ROST,Ross Stores_ Inc. - C
ROVR,Rover Group_ Inc. - C
RPAY,Repay Holdings Corpor
RPTX,Repare Therapeutics I
RRGB,Red Robin Gourmet Bur
RSLS,ReShape Lifesciences_
RSSS,Research Solutions_ I
RSVR,Reservoir Media_ Inc.
RUBY,Rubius Therapeutics_ 
RUN,Sunrun Inc. - Common 
RVLV,Revolve Group_ Inc. C
RVMD,Revolution Medicines_
RVP,Retractable Technolog
RVPH,Reviva Pharmaceutical
RWLK,ReWalk Robotics Ltd. 
RXRX,Recursion Pharmaceuti
RXT,Rackspace Technology_
RYB,RYB Education_ Inc. A
RYTM,Rhythm Pharmaceutical
RZLT,Rezolute_ Inc. - Comm
SABS,SAB Biotherapeutics_ 
SAFE,Safehold Inc. Common 
SAM,Boston Beer Company_ 
SANA,Sana Biotechnology_ I
SANW,S&W Seed Company - Co
SAVA,Cassava Sciences_ Inc
SB,Safe Bulkers_ Inc Per
SBET,SharpLink Gaming Ltd.
SBI,Western Asset Interme
SBNYP,Signature Bank - Depo
SBTX,Silverback Therapeuti
SBUX,Starbucks Corporation
SCCC,Sachem Capital Corp. 
SCHN,Schnitzer Steel Indus
SCKT,Socket Mobile_ Inc. -
SCOAU,ScION Tech Growth I -
SCOBU,ScION Tech Growth II 
SCOR,comScore_ Inc. - Comm
SCPH,scPharmaceuticals Inc
SCPL,SciPlay Corporation -
SCPS,Scopus BioPharma Inc.
SCWX,SecureWorks Corp. - C
SDACU,Sustainable Developme
SDC,SmileDirectClub_ Inc.
SDGR,Schrodinger_ Inc. - C
SDPI,Superior Drilling Pro
SE,Sea Limited American 
SECO,Secoo Holding Limited
SEED,Origin Agritech Limit
SEEL,Seelos Therapeutics_ 
SEER,Seer_ Inc. - Class A 
SELB,Selecta Biosciences_ 
SEM,Select Medical Holdin
SEMR,SEMrush Holdings_ Inc
SENS,Senseonics Holdings_ 
SESN,Sesen Bio_ Inc. - Com
SFE,Safeguard Scientifics
SFET,Safe-T Group Ltd. - A
SFIX,Stitch Fix_ Inc. - Cl
SFT,Shift Technologies_ I
SGC,Superior Group of Com
SGEN,Seagen Inc.  - Common
SGFY,Signify Health_ Inc. 
SGLB,Sigma Labs_ Inc. - Co
SGMO,Sangamo Therapeutics_
SGMS,Scientific Games Corp
SGRP,SPAR Group_ Inc. - Co
SGTX,Sigilon Therapeutics_
SHACU,SCP & CO Healthcare A
SHAK,Shake Shack_ Inc. Cla
SHC,Sotera Health Company
SHCR,Sharecare_ Inc. - Cla
SHEN,Shenandoah Telecommun
SHIP,Seanergy Maritime Hol
SHLS,Shoals Technologies G
SHOP,Shopify Inc. Class A 
SIEB,Siebert Financial Cor
SIEN,Sientra_ Inc. - Commo
SIFY,Sify Technologies Lim
SILK,Silk Road Medical_ In
SINT,SiNtx Technologies_ I
SIOX,Sio Gene Therapies In
SISI,Shineco_ Inc. - Commo
SITC,SITE Centers Corp. 6.
SJIJ,South Jersey Industri
SKIL,Skillsoft Corp. Class
SKIN,The Beauty Health Com
SKLZ,Skillz Inc. Class A C
SKM,SK Telecom Co._ Ltd. 
SKYAU,Skydeck Acquisition C
SKYT,SkyWater Technology_ 
SKYW,SkyWest_ Inc. - Commo
SLAMU,Slam Corp. - Unit
SLDB,Solid Biosciences Inc
SLGC,SomaLogic_ Inc. - Cla
SLGG,Super League Gaming_ 
SLHG,Skylight Health Group
SLN,Silence Therapeutics 
SLNG,Stabilis Solutions_ I
SLNO,Soleno Therapeutics_ 
SLQT,SelectQuote_ Inc. Com
SLRX,Salarius Pharmaceutic
SLS,SELLAS Life Sciences 
SMAR,Smartsheet Inc. Class
SMED,Sharps Compliance Cor
SMFR,Sema4 Holdings Corp. 
SMIHU,Summit Healthcare Acq
SMLR,Semler Scientific_ In
SMMT,Summit Therapeutics I
SMSI,Smith Micro Software_
SMTI,Sanara MedTech Inc. -
SMTS,Sierra Metals Inc. Co
SMWB,Similarweb Ltd. Ordin
SNAP,Snap Inc. Class A Com
SNAX,Stryve Foods_ Inc. - 
SNCR,Synchronoss Technolog
SNCY,Sun Country Airlines 
SNDL,Sundial Growers Inc. 
SNES,SenesTech_ Inc. - Com
SNGX,Soligenix_ Inc. - Com
SNMP,Evolve Transition Inf
SNOA,Sonoma Pharmaceutical
SNSE,Sensei Biotherapeutic
SNT,Senstar Technologies 
SOFI,SoFi Technologies_ In
SOJD,Southern Company (The
SOJE,Southern Company (The
SOL,Renesola Ltd. America
SOLO,Electrameccanica Vehi
SOND,Sonder Holdings Inc. 
SONM,Sonim Technologies_ I
SONN,Sonnet BioTherapeutic
SONO,Sonos_ Inc. - Common 
SOR,Source Capital_ Inc. 
SOS,SOS Limited American 
SPCE,Virgin Galactic Holdi
SPE,Special Opportunities
SPGS,Simon Property Group 
SPI,SPI Energy Co._ Ltd. 
SPIR,Spire Global_ Inc. Cl
SPKBU,Silver Spike Acquisit
SPNE,SeaSpine Holdings Cor
SPOT,Spotify Technology S.
SPPI,Spectrum Pharmaceutic
SPRO,Spero Therapeutics_ I
SPT,Sprout Social_ Inc - 
SPWH,Sportsman's Warehouse
SPWR,SunPower Corporation 
SPXC,SPX Corporation Commo
SQ,Block_ Inc. Class A C
SQNS,Sequans Communication
SQZ,SQZ Biotechnologies C
SRCL,Stericycle_ Inc. - Co
SREA,DBA Sempra 5.750% Jun
SRG,Seritage Growth Prope
SRGA,Surgalign Holdings_ I
SRL,Scully Royalty Ltd.
SRNE,Sorrento Therapeutics
SRRK,Scholar Rock Holding 
SRSAU,Sarissa Capital Acqui
SSKN,Strata Skin Sciences_
SSNT,SilverSun Technologie
SSTI,ShotSpotter_ Inc. - C
SSTK,Shutterstock_ Inc. Co
SSU,SIGNA Sports United N
SSY,SunLink Health System
STAA,STAAR Surgical Compan
STAB,Statera Biopharma_ In
STAF,Staffing 360 Solution
STCN,Steel Connect_ Inc. -
STEM,Stem_ Inc. Class A Co
STEP,StepStone Group Inc. 
STIM,Neuronetics_ Inc. - C
STKL,SunOpta_ Inc. - Commo
STLD,Steel Dynamics_ Inc. 
STNE,StoneCo Ltd. - Class 
STNG,Scorpio Tankers Inc. 
STOK,Stoke Therapeutics_ I
STON,StoneMor Inc. Common 
STOR,STORE Capital Corpora
STRM,Streamline Health Sol
STRO,Sutro Biopharma_ Inc.
STRR,Star Equity Holdings_
STTK,Shattuck Labs_ Inc. -
STWD,STARWOOD PROPERTY TRU
STXS,Stereotaxis_ Inc. Com
SUMO,Sumo Logic_ Inc. - Co
SUNL,Sunlight Financial Ho
SUNS,SLR Senior Investment
SUNW,Sunworks_ Inc. - Comm
SUPV,Grupo Supervielle S.A
SURF,Surface Oncology_ Inc
SVC,Service Properties Tr
SVM,Silvercorp Metals Inc
SVVC,Firsthand Technology 
SWAV,ShockWave Medical_ In
SWBI,Smith & Wesson Brands
SWI,SolarWinds Corporatio
SWIR,Sierra Wireless_ Inc.
SWKS,Skyworks Solutions_ I
SWN,Southwestern Energy C
SWTX,SpringWorks Therapeut
SXTC,China SXT Pharmaceuti
SY,So-Young Internationa
SYBX,Synlogic_ Inc. - Comm
SYF,Synchrony Financial D
SYN,Synthetic Biologics_ 
SYPR,Sypris Solutions_ Inc
SYRS,Syros Pharmaceuticals
SYTA,Siyata Mobile_ Inc. -
SZC,Cushing NextGen Infra
TACT,TransAct Technologies
TAIT,Taitron Components In
TAL,TAL Education Group A
TALK,Talkspace_ Inc. - Com
TALS,Talaris Therapeutics_
TANH,Tantech Holdings Ltd.
TAOP,Taoping Inc. - Ordina
TARA,Protara Therapeutics_
TARO,Taro Pharmaceutical I
TARS,Tarsus Pharmaceutical
TASK,TaskUs_ Inc. - Class 
TAST,Carrols Restaurant Gr
TBB,AT&T Inc. 5.350% Glob
TBC,AT&T Inc. 5.625% Glob
TBKCP,Triumph Bancorp_ Inc.
TBLT,ToughBuilt Industries
TCMD,Tactile Systems Techn
TCON,TRACON Pharmaceutical
TCPC,BlackRock TCP Capital
TCRR,TCR2 Therapeutics Inc
TCVA,TCV Acquisition Corp.
TDC,Teradata Corporation 
TDOC,Teladoc Health_ Inc. 
TDUP,ThredUp Inc. - Class 
TDY,Teledyne Technologies
TECH,Bio-Techne Corp - Com
TEI,Templeton Emerging Ma
TELA,TELA Bio_ Inc. - Comm
TELL,Tellurian Inc. Common
TENX,Tenax Therapeutics_ I
TEO,Telecom Argentina SA
TERN,Terns Pharmaceuticals
TEX,Terex Corporation Com
TFSL,TFS Financial Corpora
TGS,Transportadora de Gas
TGT,Target Corporation Co
TGTX,TG Therapeutics_ Inc.
TH,Target Hospitality Co
THMO,ThermoGenesis Holding
THO,Thor Industries_ Inc.
THW,Tekla World Healthcar
TIG,Trean Insurance Group
TIGO,Millicom Internationa
TIL,Instil Bio_ Inc. - Co
TIRX,TIAN RUIXIANG Holding
TISI,Team_ Inc. Common Sto
TIXT,TELUS International (
TKAT,Takung Art Co._ Ltd. 
TKC,Turkcell Iletisim Hiz
TLIS,Talis Biomedical Corp
TLMD,SOC Telemed_ Inc. - C
TLRY,Tilray Brands_ Inc. -
TLS,Telos Corporation - C
TLSA,Tiziana Life Sciences
TMBR,Timber Pharmaceutical
TMDI,Titan Medical Inc. - 
TMDX,TransMedics Group_ In
TME,Tencent Music Enterta
TMKRU,Tastemaker Acquisitio
TMPMU,Turmeric Acquisition 
TMQ,Trilogy Metals Inc. C
TMUS,T-Mobile US_ Inc. - C
TNGX,Tango Therapeutics_ I
TNK,Teekay Tankers Ltd.
TNXP,Tonix Pharmaceuticals
TOMZ,TOMI Environmental So
TOPS,TOP Ships Inc. - Comm
TPB,Turning Point Brands_
TPC,Tutor Perini Corporat
TPHS,Trinity Place Holding
TPIC,TPI Composites_ Inc. 
TPL,Texas Pacific Land Co
TPST,Tempest Therapeutics_
TREB,Trebia Acquisition Co
TRIB,Trinity Biotech plc -
TRIT,Triterras_ Inc. - Cla
TRKA,Troika Media Group_ I
TRMB,Trimble Inc. - Common
TRMR,Tremor International 
TROW,T. Rowe Price Group_ 
TRU,TransUnion Common Sto
TRVI,Trevi Therapeutics_ I
TRVN,Trevena_ Inc. - Commo
TSAT,Telesat Corporation -
TSHA,Taysha Gene Therapies
TSI,TCW Strategic Income 
TSIB,Tishman Speyer Innova
TSIBU,Tishman Speyer Innova
TSP,TuSimple Holdings Inc
TSQ,Townsquare Media_ Inc
TTC,Toro Company (The) Co
TTCF,Tattooed Chef_ Inc. -
TTNP,Titan Pharmaceuticals
TTOO,T2 Biosystems_ Inc. -
TTSH,Tile Shop Holdings_ I
TUEM,Tuesday Morning Corp.
TUSK,Mammoth Energy Servic
TVC,Tennessee Valley Auth
TVE,Tennessee Valley Auth
TWIN,Twin Disc_ Incorporat
TWLO,Twilio Inc. Class A C
TWLVU,Twelve Seas Investmen
TWO,Two Harbors Investmen
TWOA,two Class A Ordinary 
TWOU,2U_ Inc. - Common Sto
TWST,Twist Bioscience Corp
TWTR,Twitter_ Inc. Common 
TXG,10x Genomics_ Inc. - 
TXMD,TherapeuticsMD_ Inc. 
TXN,Texas Instruments Inc
TY,Tri Continental Corpo
TYME,Tyme Technologies_ In
TZOO,Travelzoo - Common St
UA,Under Armour_ Inc. Cl
UAMY,United States Antimon
UAVS,AgEagle Aerial System
UBX,Unity Biotechnology_ 
UFAB,Unique Fabricating_ I
UGRO,urban-gro_ Inc. - Com
ULCC,Frontier Group Holdin
ULH,Universal Logistics H
UNF,Unifirst Corporation 
UONE,Urban One_ Inc.  - Cl
UP,Wheels Up Experience 
UPC,Universe Pharmaceutic
UPH,UpHealth_ Inc. Common
UPST,Upstart Holdings_ Inc
UPWK,Upwork Inc. - Common 
URG,Ur Energy Inc Common 
URGN,UroGen Pharma Ltd. - 
USA,Liberty All-Star Equi
USAS,Americas Gold and Sil
USAU,U.S. Gold Corp. - Com
USEG,U.S. Energy Corp. - C
USIO,Usio_ Inc. - Common S
USX,U.S. Xpress Enterpris
UTF,Cohen & Steers Infras
UTME,UTime Limited - Ordin
UUU,Universal Security In
UWMC,UWM Holdings Corporat
UXIN,Uxin Limited - Americ
VACC,Vaccitech plc - Ameri
VAPO,Vapotherm_ Inc. Commo
VBF,Invesco Bond Fund Com
VBIV,VBI Vaccines_ Inc. - 
VBLT,Vascular Biogenics Lt
VCEL,Vericel Corporation -
VCF,Delaware Investments 
VCIF,Vertical Capital Inco
VCNX,Vaccinex_ Inc. - Comm
VCV,Invesco California Va
VCYT,Veracyte_ Inc. - Comm
VEEV,Veeva Systems Inc. Cl
VELOU,Velocity Acquisition 
VEON,VEON Ltd. - American 
VERB,Verb Technology Compa
VERU,Veru Inc. - Common St
VERV,Verve Therapeutics_ I
VERX,Vertex_ Inc. - Class 
VERY,Vericity_ Inc. - Comm
VEV,Vicinity Motor Corp. 
VFC,V.F. Corporation Comm
VFF,Village Farms Interna
VFL,Delaware Investments 
VGI,Virtus Global Multi-S
VGM,Invesco Trust for Inv
VHC,VirnetX Holding Corp 
VIEW,View_ Inc. - Class A 
VINC,Vincerx Pharma_ Inc. 
VINO,Gaucho Group Holdings
VIOT,Viomi Technology Co._
VIR,Vir Biotechnology_ In
VIRX,Viracta Therapeutics_
VISL,Vislink Technologies_
VIVE,Viveve Medical_ Inc. 
VJET,voxeljet AG - America
VKI,Invesco Advantage Mun
VKQ,Invesco Municipal Tru
VKTX,Viking Therapeutics_ 
VLD,Velo3D_ Inc. Common S
VLDR,Velodyne Lidar_ Inc. 
VLT,Invesco High Income T
VLTA,Volta_ Inc. Class A C
VMAR,Vision Marine Technol
VMD,Viemed Healthcare_ In
VMEO,Vimeo_ Inc. - Common 
VMO,Invesco Municipal Opp
VNDA,Vanda Pharmaceuticals
VNET,VNET Group_ Inc. - Am
VNT,Vontier Corporation C
VOR,Vor Biopharma Inc. - 
VORB,Virgin Orbit Holdings
VPG,Vishay Precision Grou
VQS,VIQ Solutions Inc. - 
VRA,Vera Bradley_ Inc. - 
VRAY,ViewRay_ Inc. - Commo
VRCA,Verrica Pharmaceutica
VRM,Vroom_ Inc. - Common 
VRME,VerifyMe_ Inc. - Comm
VRNS,Varonis Systems_ Inc.
VRPX,Virpax Pharmaceutical
VRT,Vertiv Holdings_ LLC 
VRTS,Virtus Investment Par
VSTM,Verastem_ Inc. - Comm
VTGN,VistaGen Therapeutics
VTIQU,VectoIQ Acquisition C
VTN,Invesco Trust for Inv
VTSI,VirTra_ Inc. - Common
VTVT,vTv Therapeutics Inc.
VUZI,Vuzix Corporation  - 
VVI,Viad Corp Common Stoc
VVNT,Vivint Smart Home_ In
VVPR,VivoPower Internation
VWTR,Vidler Water Resource
VXRT,Vaxart_ Inc. - Common
VYNE,VYNE Therapeutics Inc
VYNT,Vyant Bio_ Inc. - Com
VZIO,VIZIO Holding Corp. C
W,Wayfair Inc. Class A 
WAFU,Wah Fu Education Grou
WATT,Energous Corporation 
WDH,Waterdrop Inc. Americ
WEA,Western Asset Bond Fu
WEI,Weidai Ltd. American 
WEJO,Wejo Group Limited - 
WHLM,Wilhelmina Internatio
WHLR,Wheeler Real Estate I
WHLRD,Wheeler Real Estate I
WIA,Western Asset Inflati
WILC,G. Willi-Food Interna
WING,Wingstop Inc. - Commo
WINT,Windtree Therapeutics
WISA,Summit Wireless Techn
WISH,ContextLogic Inc. - C
WIW,Western Asset Inflati
WIX,Wix.com Ltd. - Ordina
WKEY,WISeKey International
WKHS,Workhorse Group_ Inc.
WKME,WalkMe Ltd. - Ordinar
WLFC,Willis Lease Finance 
WMC,Western Asset Mortgag
WNW,Meiwu Technology Comp
WOOF,Petco Health and Well
WORX,SCWorx Corp. - Common
WPM,Wheaton Precious Meta
WPRT,Westport Fuel Systems
WRAP,Wrap Technologies_ In
WTER,The Alkaline Water Co
WTFCP,Wintrust Financial Co
WTRH,Waitr Holdings Inc. -
WVE,Wave Life Sciences Lt
WVVI,Willamette Valley Vin
WW,WW International_ Inc
WWR,Westwater Resources_ 
WWW,Wolverine World Wide_
WYNN,Wynn Resorts_ Limited
WYY,WidePoint Corporation
X,United States Steel C
XBIO,Xenetic Biosciences_ 
XBIT,XBiotech Inc. - Commo
XCUR,Exicure_ Inc. - Commo
XELA,Exela Technologies_ I
XFOR,X4 Pharmaceuticals_ I
XGN,Exagen Inc. - Common 
XL,XL Fleet Corp. Class 
XM,Qualtrics Internation
XNET,Xunlei Limited - Amer
XOMA,XOMA Corporation - Co
XOS,Xos_ Inc. - Common St
XPEL,XPEL_ Inc. - Common S
XPER,Xperi Holding Corpora
XPL,Solitario Zinc Corp. 
XPO,XPO Logistics_ Inc.
XTLB,XTL Biopharmaceutical
XYF,X Financial American 
XYL,Xylem Inc. Common Sto
YELP,Yelp Inc. Common Stoc
YETI,YETI Holdings_ Inc. C
YEXT,Yext_ Inc. Common Sto
YGMZ,MingZhu Logistics Hol
YI,111_ Inc. - American 
YMAB,Y-mAbs Therapeutics_ 
YMTX,Yumanity Therapeutics
YNDX,Yandex N.V. - Class A
YORW,The York Water Compan
YQ,17 Education & Techno
YRD,Yiren Digital Ltd. Am
YSAC,Yellowstone Acquisiti
YSG,Yatsen Holding Limite
YTEN,Yield10 Bioscience_ I
YUMC,Yum China Holdings_ I
YVR,Liquid Media Group Lt
Z,Zillow Group_ Inc. - 
ZD,Ziff Davis_ Inc. - Co
ZDGE,Zedge_ Inc. Class B C
ZEAL,Zealand Pharma A_S - 
ZEV,Lightning eMotors_ In
ZG,Zillow Group_ Inc. - 
ZH,Zhihu Inc. American D
ZIONL,Zions Bancorporation 
ZIONP,Zions Bancorporation 
ZIOP,ZIOPHARM Oncology Inc
ZIP,ZipRecruiter_ Inc. Cl
ZLAB,Zai Lab Limited - Ame
ZM,Zoom Video Communicat
ZOM,Zomedica Corp. Common
ZSAN,Zosano Pharma Corpora
ZWS,Zurn Water Solutions 
ZY,Zymergen Inc. - Commo
ZYME,Zymeworks Inc. Common
ZYNE,Zynerba Pharmaceutica
ZYXI,Zynex_ Inc. - Common 
